APY_District,Boundary_District,State,Match_Status,Notes
NICOBARS,,,UNMATCHED,Not found in geojson
NORTH AND MIDDLE ANDAMAN,,,UNMATCHED,Not found in geojson
SOUTH ANDAMANS,,,UNMATCHED,Not found in geojson
ANANTAPUR,Anantapur,,NORMALIZED,
CHITTOOR,Chittoor,,NORMALIZED,
EAST GODAVARI,East Godavari,,NORMALIZED,
GUNTUR,Guntur,,NORMALIZED,
KADAPA,,,UNMATCHED,Not found in geojson
KRISHNA,Krishna,,NORMALIZED,
KURNOOL,Kurnool,,NORMALIZED,
PRAKASAM,Prakasam,,NORMALIZED,
SPSR NELLORE,,,UNMATCHED,Not found in geojson
SRIKAKULAM,Srikakulam,,NORMALIZED,
VISAKHAPATANAM,,,UNMATCHED,Not found in geojson
VIZIANAGARAM,Vizianagaram,,NORMALIZED,
WEST GODAVARI,West Godavari,,NORMALIZED,
ANJAW,,,UNMATCHED,Not found in geojson
CHANGLANG,Changlang,,NORMALIZED,
DIBANG VALLEY,,,UNMATCHED,Not found in geojson
EAST KAMENG,East Kameng,,NORMALIZED,
EAST SIANG,East Siang,,NORMALIZED,
KURUNG KUMEY,Kurung Kumey,,NORMALIZED,
LOHIT,Lohit,,NORMALIZED,
LONGDING,,,UNMATCHED,Not found in geojson
LOWER DIBANG VALLEY,Lower Dibang Valley,,NORMALIZED,
LOWER SUBANSIRI,Lower Subansiri,,NORMALIZED,
NAMSAI,,,UNMATCHED,Not found in geojson
PAPUM PARE,Papum Pare,,NORMALIZED,
TAWANG,Tawang,,NORMALIZED,
TIRAP,Tirap,,NORMALIZED,
UPPER SIANG,Upper Siang,,NORMALIZED,
UPPER SUBANSIRI,Upper Subansiri,,NORMALIZED,
WEST KAMENG,West Kameng,,NORMALIZED,
WEST SIANG,West Siang,,NORMALIZED,
BAKSA,,,UNMATCHED,Not found in geojson
BARPETA,Barpeta,,NORMALIZED,
BONGAIGAON,Bongaigaon,,NORMALIZED,
CACHAR,Cachar,,NORMALIZED,
CHIRANG,,,UNMATCHED,Not found in geojson
DARRANG,Darrang,,NORMALIZED,
DHEMAJI,Dhemaji,,NORMALIZED,
DHUBRI,,,UNMATCHED,Not found in geojson
DIBRUGARH,Dibrugarh,,NORMALIZED,
DIMA HASAO,,,UNMATCHED,Not found in geojson
GOALPARA,Goalpara,,NORMALIZED,
GOLAGHAT,Golaghat,,NORMALIZED,
HAILAKANDI,Hailakandi,,NORMALIZED,
JORHAT,Jorhat,,NORMALIZED,
KAMRUP,Kamrup,,NORMALIZED,
KAMRUP METRO,,,UNMATCHED,Not found in geojson
KARBI ANGLONG,Karbi Anglong,,NORMALIZED,
KARIMGANJ,Karimganj,,NORMALIZED,
KOKRAJHAR,Kokrajhar,,NORMALIZED,
LAKHIMPUR,Lakhimpur,,NORMALIZED,
MARIGAON,Marigaon,,NORMALIZED,
NAGAON,Nagaon,,NORMALIZED,
NALBARI,Nalbari,,NORMALIZED,
SIVASAGAR,,,UNMATCHED,Not found in geojson
SONITPUR,Sonitpur,,NORMALIZED,
TINSUKIA,Tinsukia,,NORMALIZED,
UDALGURI,,,UNMATCHED,Not found in geojson
ARARIA,Araria,,NORMALIZED,
ARWAL,,,UNMATCHED,Not found in geojson
AURANGABAD,Aurangabad,,NORMALIZED,
BANKA,Banka,,NORMALIZED,
BEGUSARAI,Begusarai,,NORMALIZED,
BHAGALPUR,Bhagalpur,,NORMALIZED,
BHOJPUR,Bhojpur,,NORMALIZED,
BUXAR,Buxar,,NORMALIZED,
DARBHANGA,Darbhanga,,NORMALIZED,
GAYA,Gaya,,NORMALIZED,
GOPALGANJ,Gopalganj,,NORMALIZED,
JAMUI,Jamui,,NORMALIZED,
JEHANABAD,Jehanabad,,NORMALIZED,
KAIMUR (BHABUA),,,UNMATCHED,Not found in geojson
KATIHAR,Katihar,,NORMALIZED,
KHAGARIA,Khagaria,,NORMALIZED,
KISHANGANJ,Kishanganj,,NORMALIZED,
LAKHISARAI,Lakhisarai,,NORMALIZED,
MADHEPURA,Madhepura,,NORMALIZED,
MADHUBANI,Madhubani,,NORMALIZED,
MUNGER,Munger,,NORMALIZED,
MUZAFFARPUR,Muzaffarpur,,NORMALIZED,
NALANDA,Nalanda,,NORMALIZED,
NAWADA,Nawada,,NORMALIZED,
PASHCHIM CHAMPARAN,Pashchim Champaran,,NORMALIZED,
PATNA,Patna,,NORMALIZED,
PURBI CHAMPARAN,,,UNMATCHED,Not found in geojson
PURNIA,Purnia,,NORMALIZED,
ROHTAS,Rohtas,,NORMALIZED,
SAHARSA,Saharsa,,NORMALIZED,
SAMASTIPUR,Samastipur,,NORMALIZED,
SARAN,Saran,,NORMALIZED,
SHEIKHPURA,Sheikhpura,,NORMALIZED,
SHEOHAR,Sheohar,,NORMALIZED,
SITAMARHI,Sitamarhi,,NORMALIZED,
SIWAN,Siwan,,NORMALIZED,
SUPAUL,Supaul,,NORMALIZED,
VAISHALI,Vaishali,,NORMALIZED,
CHANDIGARH,Chandigarh,,NORMALIZED,
BALOD,,,UNMATCHED,Not found in geojson
BALODA BAZAR,,,UNMATCHED,Not found in geojson
BALRAMPUR,Balrampur,,NORMALIZED,
BASTAR,Bastar,,NORMALIZED,
BEMETARA,,,UNMATCHED,Not found in geojson
BIJAPUR,Bijapur,,NORMALIZED,
BILASPUR,Bilaspur,,NORMALIZED,
DANTEWADA,Dantewada,,NORMALIZED,
DHAMTARI,Dhamtari,,NORMALIZED,
DURG,Durg,,NORMALIZED,
GARIYABAND,,,UNMATCHED,Not found in geojson
JANJGIR-CHAMPA,Janjgir-Champa,,NORMALIZED,
JASHPUR,Jashpur,,NORMALIZED,
KABIRDHAM,,,UNMATCHED,Not found in geojson
KANKER,Kanker,,NORMALIZED,
KONDAGAON,,,UNMATCHED,Not found in geojson
KORBA,Korba,,NORMALIZED,
KOREA,,,UNMATCHED,Not found in geojson
MAHASAMUND,Mahasamund,,NORMALIZED,
MUNGELI,,,UNMATCHED,Not found in geojson
NARAYANPUR,,,UNMATCHED,Not found in geojson
RAIGARH,Raigarh,,NORMALIZED,
RAIPUR,Raipur,,NORMALIZED,
RAJNANDGAON,Raj Nandgaon,,NORMALIZED,
SUKMA,,,UNMATCHED,Not found in geojson
SURAJPUR,,,UNMATCHED,Not found in geojson
SURGUJA,Surguja,,NORMALIZED,
DADRA AND NAGAR HAVELI,Dadra and Nagar Haveli,,NORMALIZED,
NORTH GOA,North Goa,,NORMALIZED,
SOUTH GOA,South Goa,,NORMALIZED,
AHMADABAD,Ahmadabad,,NORMALIZED,
AMRELI,Amreli,,NORMALIZED,
ANAND,Anand,,NORMALIZED,
BANAS KANTHA,Banas Kantha,,NORMALIZED,
BHARUCH,Bharuch,,NORMALIZED,
BHAVNAGAR,Bhavnagar,,NORMALIZED,
DANG,,,UNMATCHED,Not found in geojson
DOHAD,,,UNMATCHED,Not found in geojson
GANDHINAGAR,Gandhinagar,,NORMALIZED,
JAMNAGAR,Jamnagar,,NORMALIZED,
JUNAGADH,Junagadh,,NORMALIZED,
KACHCHH,Kachchh,,NORMALIZED,
KHEDA,Kheda,,NORMALIZED,
MAHESANA,Mahesana,,NORMALIZED,
NARMADA,Narmada,,NORMALIZED,
NAVSARI,Navsari,,NORMALIZED,
PANCH MAHALS,Panch Mahals,,NORMALIZED,
PATAN,Patan,,NORMALIZED,
PORBANDAR,Porbandar,,NORMALIZED,
RAJKOT,Rajkot,,NORMALIZED,
SABAR KANTHA,Sabar Kantha,,NORMALIZED,
SURAT,Surat,,NORMALIZED,
SURENDRANAGAR,Surendranagar,,NORMALIZED,
TAPI,,,UNMATCHED,Not found in geojson
VADODARA,Vadodara,,NORMALIZED,
VALSAD,Valsad,,NORMALIZED,
AMBALA,Ambala,,NORMALIZED,
BHIWANI,Bhiwani,,NORMALIZED,
FARIDABAD,Faridabad,,NORMALIZED,
FATEHABAD,Fatehabad,,NORMALIZED,
GURGAON,Gurgaon,,NORMALIZED,
HISAR,Hisar,,NORMALIZED,
JHAJJAR,Jhajjar,,NORMALIZED,
JIND,Jind,,NORMALIZED,
KAITHAL,Kaithal,,NORMALIZED,
KARNAL,Karnal,,NORMALIZED,
KURUKSHETRA,Kurukshetra,,NORMALIZED,
MAHENDRAGARH,Mahendragarh,,NORMALIZED,
MEWAT,,,UNMATCHED,Not found in geojson
PALWAL,,,UNMATCHED,Not found in geojson
PANCHKULA,Panchkula,,NORMALIZED,
PANIPAT,Panipat,,NORMALIZED,
REWARI,Rewari,,NORMALIZED,
ROHTAK,Rohtak,,NORMALIZED,
SIRSA,Sirsa,,NORMALIZED,
SONIPAT,,,UNMATCHED,Not found in geojson
YAMUNANAGAR,Yamuna Nagar,,NORMALIZED,
CHAMBA,Chamba,,NORMALIZED,
HAMIRPUR,Hamirpur,,NORMALIZED,
KANGRA,Kangra,,NORMALIZED,
KINNAUR,Kinnaur,,NORMALIZED,
KULLU,Kullu,,NORMALIZED,
LAHUL AND SPITI,Lahul and Spiti,,NORMALIZED,
MANDI,Mandi,,NORMALIZED,
SHIMLA,Shimla,,NORMALIZED,
SIRMAUR,Sirmaur,,NORMALIZED,
SOLAN,Solan,,NORMALIZED,
UNA,Una,,NORMALIZED,
ANANTNAG,,,UNMATCHED,Not found in geojson
BADGAM,,,UNMATCHED,Not found in geojson
BANDIPORA,,,UNMATCHED,Not found in geojson
BARAMULLA,,,UNMATCHED,Not found in geojson
DODA,Doda,,NORMALIZED,
GANDERBAL,,,UNMATCHED,Not found in geojson
JAMMU,Jammu,,NORMALIZED,
KARGIL,Kargil,,NORMALIZED,
KATHUA,Kathua,,NORMALIZED,
KISHTWAR,,,UNMATCHED,Not found in geojson
KULGAM,,,UNMATCHED,Not found in geojson
KUPWARA,,,UNMATCHED,Not found in geojson
LEH LADAKH,,,UNMATCHED,Not found in geojson
POONCH,,,UNMATCHED,Not found in geojson
PULWAMA,Pulwama,,NORMALIZED,
RAJAURI,Rajauri,,NORMALIZED,
RAMBAN,,,UNMATCHED,Not found in geojson
REASI,,,UNMATCHED,Not found in geojson
SAMBA,,,UNMATCHED,Not found in geojson
SHOPIAN,,,UNMATCHED,Not found in geojson
SRINAGAR,Srinagar,,NORMALIZED,
UDHAMPUR,Udhampur,,NORMALIZED,
BOKARO,Bokaro,,NORMALIZED,
CHATRA,Chatra,,NORMALIZED,
DEOGHAR,Deoghar,,NORMALIZED,
DHANBAD,Dhanbad,,NORMALIZED,
DUMKA,Dumka,,NORMALIZED,
EAST SINGHBUM,,,UNMATCHED,Not found in geojson
GARHWA,Garhwa,,NORMALIZED,
GIRIDIH,Giridih,,NORMALIZED,
GODDA,Godda,,NORMALIZED,
GUMLA,Gumla,,NORMALIZED,
HAZARIBAGH,,,UNMATCHED,Not found in geojson
JAMTARA,Jamtara,,NORMALIZED,
KHUNTI,,,UNMATCHED,Not found in geojson
KODERMA,Koderma,,NORMALIZED,
LATEHAR,Latehar,,NORMALIZED,
LOHARDAGA,Lohardaga,,NORMALIZED,
PAKUR,Pakur,,NORMALIZED,
PALAMU,Palamu,,NORMALIZED,
RAMGARH,,,UNMATCHED,Not found in geojson
RANCHI,Ranchi,,NORMALIZED,
SAHEBGANJ,,,UNMATCHED,Not found in geojson
SARAIKELA KHARSAWAN,Saraikela Kharsawan,,NORMALIZED,
SIMDEGA,Simdega,,NORMALIZED,
WEST SINGHBHUM,,,UNMATCHED,Not found in geojson
BAGALKOT,Bagalkot,,NORMALIZED,
BANGALORE RURAL,Bangalore Rural,,NORMALIZED,
BELGAUM,Belgaum,,NORMALIZED,
BELLARY,Bellary,,NORMALIZED,
BENGALURU URBAN,,,UNMATCHED,Not found in geojson
BIDAR,Bidar,,NORMALIZED,
CHAMARAJANAGAR,,,UNMATCHED,Not found in geojson
CHIKBALLAPUR,,,UNMATCHED,Not found in geojson
CHIKMAGALUR,Chikmagalur,,NORMALIZED,
CHITRADURGA,Chitradurga,,NORMALIZED,
DAKSHIN KANNAD,Dakshin Kannad,,NORMALIZED,
DAVANGERE,,,UNMATCHED,Not found in geojson
DHARWAD,Dharwad,,NORMALIZED,
GADAG,Gadag,,NORMALIZED,
GULBARGA,Gulbarga,,NORMALIZED,
HASSAN,Hassan,,NORMALIZED,
HAVERI,Haveri,,NORMALIZED,
KODAGU,Kodagu,,NORMALIZED,
KOLAR,Kolar,,NORMALIZED,
KOPPAL,Koppal,,NORMALIZED,
MANDYA,Mandya,,NORMALIZED,
MYSORE,Mysore,,NORMALIZED,
RAICHUR,Raichur,,NORMALIZED,
RAMANAGARA,,,UNMATCHED,Not found in geojson
SHIMOGA,Shimoga,,NORMALIZED,
TUMKUR,Tumkur,,NORMALIZED,
UDUPI,Udupi,,NORMALIZED,
UTTAR KANNAD,,,UNMATCHED,Not found in geojson
YADGIR,,,UNMATCHED,Not found in geojson
ALAPPUZHA,Alappuzha,,NORMALIZED,
ERNAKULAM,Ernakulam,,NORMALIZED,
IDUKKI,Idukki,,NORMALIZED,
KANNUR,Kannur,,NORMALIZED,
KASARAGOD,Kasaragod,,NORMALIZED,
KOLLAM,Kollam,,NORMALIZED,
KOTTAYAM,Kottayam,,NORMALIZED,
KOZHIKODE,Kozhikode,,NORMALIZED,
MALAPPURAM,Malappuram,,NORMALIZED,
PALAKKAD,Palakkad,,NORMALIZED,
PATHANAMTHITTA,,,UNMATCHED,Not found in geojson
THIRUVANANTHAPURAM,Thiruvananthapuram,,NORMALIZED,
THRISSUR,Thrissur,,NORMALIZED,
WAYANAD,Wayanad,,NORMALIZED,
AGAR MALWA,,,UNMATCHED,Not found in geojson
ALIRAJPUR,,,UNMATCHED,Not found in geojson
ANUPPUR,Anuppur,,NORMALIZED,
ASHOKNAGAR,Ashoknagar,,NORMALIZED,
BALAGHAT,Balaghat,,NORMALIZED,
BARWANI,Barwani,,NORMALIZED,
BETUL,Betul,,NORMALIZED,
BHIND,Bhind,,NORMALIZED,
BHOPAL,Bhopal,,NORMALIZED,
BURHANPUR,Burhanpur,,NORMALIZED,
CHHATARPUR,Chhatarpur,,NORMALIZED,
CHHINDWARA,Chhindwara,,NORMALIZED,
DAMOH,Damoh,,NORMALIZED,
DATIA,Datia,,NORMALIZED,
DEWAS,Dewas,,NORMALIZED,
DHAR,Dhar,,NORMALIZED,
DINDORI,Dindori,,NORMALIZED,
GUNA,Guna,,NORMALIZED,
GWALIOR,Gwalior,,NORMALIZED,
HARDA,Harda,,NORMALIZED,
HOSHANGABAD,Hoshangabad,,NORMALIZED,
INDORE,Indore,,NORMALIZED,
JABALPUR,Jabalpur,,NORMALIZED,
JHABUA,Jhabua,,NORMALIZED,
KATNI,Katni,,NORMALIZED,
KHANDWA,,,UNMATCHED,Not found in geojson
KHARGONE,,,UNMATCHED,Not found in geojson
MANDLA,Mandla,,NORMALIZED,
MANDSAUR,Mandsaur,,NORMALIZED,
MORENA,Morena,,NORMALIZED,
NARSINGHPUR,Narsinghpur,,NORMALIZED,
NEEMUCH,Neemuch,,NORMALIZED,
PANNA,Panna,,NORMALIZED,
RAISEN,Raisen,,NORMALIZED,
RAJGARH,Rajgarh,,NORMALIZED,
RATLAM,Ratlam,,NORMALIZED,
REWA,Rewa,,NORMALIZED,
SAGAR,Sagar,,NORMALIZED,
SATNA,Satna,,NORMALIZED,
SEHORE,Sehore,,NORMALIZED,
SEONI,Seoni,,NORMALIZED,
SHAHDOL,Shahdol,,NORMALIZED,
SHAJAPUR,Shajapur,,NORMALIZED,
SHEOPUR,Sheopur,,NORMALIZED,
SHIVPURI,Shivpuri,,NORMALIZED,
SIDHI,Sidhi,,NORMALIZED,
SINGRAULI,,,UNMATCHED,Not found in geojson
TIKAMGARH,Tikamgarh,,NORMALIZED,
UJJAIN,Ujjain,,NORMALIZED,
UMARIA,Umaria,,NORMALIZED,
VIDISHA,Vidisha,,NORMALIZED,
AHMEDNAGAR,Ahmednagar,,NORMALIZED,
AKOLA,Akola,,NORMALIZED,
AMRAVATI,Amravati,,NORMALIZED,
BEED,,,UNMATCHED,Not found in geojson
BHANDARA,Bhandara,,NORMALIZED,
BULDHANA,,,UNMATCHED,Not found in geojson
CHANDRAPUR,Chandrapur,,NORMALIZED,
DHULE,Dhule,,NORMALIZED,
GADCHIROLI,,,UNMATCHED,Not found in geojson
GONDIA,,,UNMATCHED,Not found in geojson
HINGOLI,Hingoli,,NORMALIZED,
JALGAON,Jalgaon,,NORMALIZED,
JALNA,Jalna,,NORMALIZED,
KOLHAPUR,Kolhapur,,NORMALIZED,
LATUR,Latur,,NORMALIZED,
NAGPUR,Nagpur,,NORMALIZED,
NANDED,Nanded,,NORMALIZED,
NANDURBAR,Nandurbar,,NORMALIZED,
NASHIK,Nashik,,NORMALIZED,
OSMANABAD,Osmanabad,,NORMALIZED,
PALGHAR,,,UNMATCHED,Not found in geojson
PARBHANI,Parbhani,,NORMALIZED,
PUNE,Pune,,NORMALIZED,
RAIGAD,,,UNMATCHED,Not found in geojson
RATNAGIRI,Ratnagiri,,NORMALIZED,
SANGLI,Sangli,,NORMALIZED,
SATARA,Satara,,NORMALIZED,
SINDHUDURG,Sindhudurg,,NORMALIZED,
SOLAPUR,Solapur,,NORMALIZED,
THANE,Thane,,NORMALIZED,
WARDHA,Wardha,,NORMALIZED,
WASHIM,Washim,,NORMALIZED,
YAVATMAL,Yavatmal,,NORMALIZED,
BISHNUPUR,Bishnupur,,NORMALIZED,
CHANDEL,Chandel,,NORMALIZED,
CHURACHANDPUR,Churachandpur,,NORMALIZED,
IMPHAL EAST,,,UNMATCHED,Not found in geojson
IMPHAL WEST,,,UNMATCHED,Not found in geojson
SENAPATI,Senapati,,NORMALIZED,
TAMENGLONG,Tamenglong,,NORMALIZED,
THOUBAL,Thoubal,,NORMALIZED,
UKHRUL,Ukhrul,,NORMALIZED,
EAST GARO HILLS,East Garo Hills,,NORMALIZED,
EAST JAINTIA HILLS,,,UNMATCHED,Not found in geojson
EAST KHASI HILLS,East Khasi Hills,,NORMALIZED,
NORTH GARO HILLS,,,UNMATCHED,Not found in geojson
RI BHOI,Ri-Bhoi,,NORMALIZED,
SOUTH GARO HILLS,South Garo Hills,,NORMALIZED,
SOUTH WEST GARO HILLS,,,UNMATCHED,Not found in geojson
SOUTH WEST KHASI HILLS,,,UNMATCHED,Not found in geojson
WEST GARO HILLS,West Garo Hills,,NORMALIZED,
WEST JAINTIA HILLS,,,UNMATCHED,Not found in geojson
WEST KHASI HILLS,West Khasi Hills,,NORMALIZED,
AIZAWL,Aizawl,,NORMALIZED,
CHAMPHAI,Champhai,,NORMALIZED,
KOLASIB,Kolasib,,NORMALIZED,
LAWNGTLAI,Lawngtlai,,NORMALIZED,
LUNGLEI,Lunglei,,NORMALIZED,
MAMIT,Mamit,,NORMALIZED,
SAIHA,Saiha,,NORMALIZED,
SERCHHIP,Serchhip,,NORMALIZED,
DIMAPUR,Dimapur,,NORMALIZED,
KIPHIRE,,,UNMATCHED,Not found in geojson
KOHIMA,Kohima,,NORMALIZED,
LONGLENG,,,UNMATCHED,Not found in geojson
MOKOKCHUNG,Mokokchung,,NORMALIZED,
MON,Mon,,NORMALIZED,
PEREN,,,UNMATCHED,Not found in geojson
PHEK,Phek,,NORMALIZED,
TUENSANG,Tuensang,,NORMALIZED,
WOKHA,Wokha,,NORMALIZED,
ZUNHEBOTO,Zunheboto,,NORMALIZED,
ANUGUL,,,UNMATCHED,Not found in geojson
BALANGIR,,,UNMATCHED,Not found in geojson
BALESHWAR,Baleshwar,,NORMALIZED,
BARGARH,,,UNMATCHED,Not found in geojson
BHADRAK,Bhadrak,,NORMALIZED,
BOUDH,Boudh,,NORMALIZED,
CUTTACK,Cuttack,,NORMALIZED,
DEOGARH,Deogarh,,NORMALIZED,
DHENKANAL,Dhenkanal,,NORMALIZED,
GAJAPATI,Gajapati,,NORMALIZED,
GANJAM,Ganjam,,NORMALIZED,
JAGATSINGHAPUR,,,UNMATCHED,Not found in geojson
JAJAPUR,,,UNMATCHED,Not found in geojson
JHARSUGUDA,Jharsuguda,,NORMALIZED,
KALAHANDI,Kalahandi,,NORMALIZED,
KANDHAMAL,Kandhamal,,NORMALIZED,
KENDRAPARA,Kendrapara,,NORMALIZED,
KENDUJHAR,,,UNMATCHED,Not found in geojson
KHORDHA,Khordha,,NORMALIZED,
KORAPUT,Koraput,,NORMALIZED,
MALKANGIRI,Malkangiri,,NORMALIZED,
MAYURBHANJ,Mayurbhanj,,NORMALIZED,
NABARANGPUR,Nabarangpur,,NORMALIZED,
NAYAGARH,Nayagarh,,NORMALIZED,
NUAPADA,Nuapada,,NORMALIZED,
PURI,Puri,,NORMALIZED,
RAYAGADA,Rayagada,,NORMALIZED,
SAMBALPUR,Sambalpur,,NORMALIZED,
SONEPUR,Sonepur,,NORMALIZED,
SUNDARGARH,Sundargarh,,NORMALIZED,
KARAIKAL,Karaikal,,NORMALIZED,
MAHE,Mahe,,NORMALIZED,
PONDICHERRY,,,UNMATCHED,Not found in geojson
YANAM,Yanam,,NORMALIZED,
AMRITSAR,Amritsar,,NORMALIZED,
BARNALA,,,UNMATCHED,Not found in geojson
BATHINDA,Bathinda,,NORMALIZED,
FARIDKOT,Faridkot,,NORMALIZED,
FATEHGARH SAHIB,Fatehgarh Sahib,,NORMALIZED,
FAZILKA,,,UNMATCHED,Not found in geojson
FIROZEPUR,,,UNMATCHED,Not found in geojson
GURDASPUR,Gurdaspur,,NORMALIZED,
HOSHIARPUR,Hoshiarpur,,NORMALIZED,
JALANDHAR,Jalandhar,,NORMALIZED,
KAPURTHALA,Kapurthala,,NORMALIZED,
LUDHIANA,Ludhiana,,NORMALIZED,
MANSA,Mansa,,NORMALIZED,
MOGA,Moga,,NORMALIZED,
MUKTSAR,Muktsar,,NORMALIZED,
NAWANSHAHR,,,UNMATCHED,Not found in geojson
PATHANKOT,,,UNMATCHED,Not found in geojson
PATIALA,Patiala,,NORMALIZED,
RUPNAGAR,Rupnagar,,NORMALIZED,
S.A.S NAGAR,,,UNMATCHED,Not found in geojson
SANGRUR,Sangrur,,NORMALIZED,
TARN TARAN,,,UNMATCHED,Not found in geojson
AJMER,Ajmer,,NORMALIZED,
ALWAR,Alwar,,NORMALIZED,
BANSWARA,Banswara,,NORMALIZED,
BARAN,Baran,,NORMALIZED,
BARMER,Barmer,,NORMALIZED,
BHARATPUR,Bharatpur,,NORMALIZED,
BHILWARA,Bhilwara,,NORMALIZED,
BIKANER,Bikaner,,NORMALIZED,
BUNDI,Bundi,,NORMALIZED,
CHITTORGARH,,,UNMATCHED,Not found in geojson
CHURU,Churu,,NORMALIZED,
DAUSA,Dausa,,NORMALIZED,
DHOLPUR,,,UNMATCHED,Not found in geojson
DUNGARPUR,Dungarpur,,NORMALIZED,
GANGANAGAR,Ganganagar,,NORMALIZED,
HANUMANGARH,Hanumangarh,,NORMALIZED,
JAIPUR,Jaipur,,NORMALIZED,
JAISALMER,Jaisalmer,,NORMALIZED,
JALORE,,,UNMATCHED,Not found in geojson
JHALAWAR,Jhalawar,,NORMALIZED,
JHUNJHUNU,,,UNMATCHED,Not found in geojson
JODHPUR,Jodhpur,,NORMALIZED,
KARAULI,Karauli,,NORMALIZED,
KOTA,Kota,,NORMALIZED,
NAGAUR,Nagaur,,NORMALIZED,
PALI,Pali,,NORMALIZED,
PRATAPGARH,Pratapgarh,,NORMALIZED,
RAJSAMAND,Rajsamand,,NORMALIZED,
SAWAI MADHOPUR,Sawai Madhopur,,NORMALIZED,
SIKAR,Sikar,,NORMALIZED,
SIROHI,Sirohi,,NORMALIZED,
TONK,Tonk,,NORMALIZED,
UDAIPUR,Udaipur,,NORMALIZED,
EAST DISTRICT,,,UNMATCHED,Not found in geojson
NORTH DISTRICT,,,UNMATCHED,Not found in geojson
SOUTH DISTRICT,,,UNMATCHED,Not found in geojson
WEST DISTRICT,,,UNMATCHED,Not found in geojson
ARIYALUR,Ariyalur,,NORMALIZED,
COIMBATORE,Coimbatore,,NORMALIZED,
CUDDALORE,Cuddalore,,NORMALIZED,
DHARMAPURI,Dharmapuri,,NORMALIZED,
DINDIGUL,Dindigul,,NORMALIZED,
ERODE,Erode,,NORMALIZED,
KANCHIPURAM,,,UNMATCHED,Not found in geojson
KANNIYAKUMARI,Kanniyakumari,,NORMALIZED,
KARUR,Karur,,NORMALIZED,
KRISHNAGIRI,,,UNMATCHED,Not found in geojson
MADURAI,Madurai,,NORMALIZED,
NAGAPATTINAM,Nagapattinam,,NORMALIZED,
NAMAKKAL,Namakkal,,NORMALIZED,
PERAMBALUR,Perambalur,,NORMALIZED,
PUDUKKOTTAI,Pudukkottai,,NORMALIZED,
RAMANATHAPURAM,Ramanathapuram,,NORMALIZED,
SALEM,Salem,,NORMALIZED,
SIVAGANGA,Sivaganga,,NORMALIZED,
THANJAVUR,Thanjavur,,NORMALIZED,
THE NILGIRIS,,,UNMATCHED,Not found in geojson
THENI,Theni,,NORMALIZED,
THIRUVALLUR,Thiruvallur,,NORMALIZED,
THIRUVARUR,Thiruvarur,,NORMALIZED,
TIRUCHIRAPPALLI,,,UNMATCHED,Not found in geojson
TIRUNELVELI,,,UNMATCHED,Not found in geojson
TIRUPPUR,,,UNMATCHED,Not found in geojson
TIRUVANNAMALAI,Tiruvannamalai,,NORMALIZED,
TUTICORIN,,,UNMATCHED,Not found in geojson
VELLORE,Vellore,,NORMALIZED,
VILLUPURAM,Villupuram,,NORMALIZED,
VIRUDHUNAGAR,Virudhunagar,,NORMALIZED,
ADILABAD,Adilabad,,NORMALIZED,
KARIMNAGAR,Karimnagar,,NORMALIZED,
KHAMMAM,Khammam,,NORMALIZED,
MAHBUBNAGAR,Mahbubnagar,,NORMALIZED,
MEDAK,Medak,,NORMALIZED,
NALGONDA,Nalgonda,,NORMALIZED,
NIZAMABAD,Nizamabad,,NORMALIZED,
RANGAREDDI,Rangareddi,,NORMALIZED,
WARANGAL,Warangal,,NORMALIZED,
DHALAI,Dhalai,,NORMALIZED,
GOMATI,,,UNMATCHED,Not found in geojson
KHOWAI,,,UNMATCHED,Not found in geojson
NORTH TRIPURA,North Tripura,,NORMALIZED,
SEPAHIJALA,,,UNMATCHED,Not found in geojson
SOUTH TRIPURA,South Tripura,,NORMALIZED,
UNAKOTI,,,UNMATCHED,Not found in geojson
WEST TRIPURA,West Tripura,,NORMALIZED,
AGRA,Agra,,NORMALIZED,
ALIGARH,Aligarh,,NORMALIZED,
ALLAHABAD,Allahabad,,NORMALIZED,
AMBEDKAR NAGAR,Ambedkar Nagar,,NORMALIZED,
AMETHI,,,UNMATCHED,Not found in geojson
AMROHA,,,UNMATCHED,Not found in geojson
AURAIYA,Auraiya,,NORMALIZED,
AZAMGARH,Azamgarh,,NORMALIZED,
BAGHPAT,Baghpat,,NORMALIZED,
BAHRAICH,Bahraich,,NORMALIZED,
BALLIA,Ballia,,NORMALIZED,
BANDA,Banda,,NORMALIZED,
BARABANKI,Bara Banki,,NORMALIZED,
BAREILLY,Bareilly,,NORMALIZED,
BASTI,Basti,,NORMALIZED,
BIJNOR,Bijnor,,NORMALIZED,
BUDAUN,,,UNMATCHED,Not found in geojson
BULANDSHAHR,Bulandshahr,,NORMALIZED,
CHANDAULI,Chandauli,,NORMALIZED,
CHITRAKOOT,Chitrakoot,,NORMALIZED,
DEORIA,Deoria,,NORMALIZED,
ETAH,Etah,,NORMALIZED,
ETAWAH,Etawah,,NORMALIZED,
FAIZABAD,Faizabad,,NORMALIZED,
FARRUKHABAD,Farrukhabad,,NORMALIZED,
FATEHPUR,Fatehpur,,NORMALIZED,
FIROZABAD,Firozabad,,NORMALIZED,
GAUTAM BUDDHA NAGAR,Gautam Buddha Nagar,,NORMALIZED,
GHAZIABAD,Ghaziabad,,NORMALIZED,
GHAZIPUR,Ghazipur,,NORMALIZED,
GONDA,Gonda,,NORMALIZED,
GORAKHPUR,Gorakhpur,,NORMALIZED,
HAPUR,,,UNMATCHED,Not found in geojson
HARDOI,Hardoi,,NORMALIZED,
HATHRAS,Hathras,,NORMALIZED,
JALAUN,Jalaun,,NORMALIZED,
JAUNPUR,Jaunpur,,NORMALIZED,
JHANSI,Jhansi,,NORMALIZED,
KANNAUJ,Kannauj,,NORMALIZED,
KANPUR DEHAT,Kanpur Dehat,,NORMALIZED,
KANPUR NAGAR,,,UNMATCHED,Not found in geojson
KASGANJ,,,UNMATCHED,Not found in geojson
KAUSHAMBI,Kaushambi,,NORMALIZED,
KHERI,,,UNMATCHED,Not found in geojson
KUSHI NAGAR,Kushinagar,,NORMALIZED,
LALITPUR,Lalitpur,,NORMALIZED,
LUCKNOW,Lucknow,,NORMALIZED,
MAHARAJGANJ,Maharajganj,,NORMALIZED,
MAHOBA,Mahoba,,NORMALIZED,
MAINPURI,Mainpuri,,NORMALIZED,
MATHURA,Mathura,,NORMALIZED,
MAU,Mau,,NORMALIZED,
MEERUT,Meerut,,NORMALIZED,
MIRZAPUR,Mirzapur,,NORMALIZED,
MORADABAD,Moradabad,,NORMALIZED,
MUZAFFARNAGAR,Muzaffarnagar,,NORMALIZED,
PILIBHIT,Pilibhit,,NORMALIZED,
RAE BARELI,Rae Bareli,,NORMALIZED,
RAMPUR,Rampur,,NORMALIZED,
SAHARANPUR,Saharanpur,,NORMALIZED,
SAMBHAL,,,UNMATCHED,Not found in geojson
SANT KABEER NAGAR,,,UNMATCHED,Not found in geojson
SANT RAVIDAS NAGAR,Sant Ravi Das Nagar,,NORMALIZED,
SHAHJAHANPUR,Shahjahanpur,,NORMALIZED,
SHAMLI,,,UNMATCHED,Not found in geojson
SHRAVASTI,Shravasti,,NORMALIZED,
SIDDHARTH NAGAR,Siddharth Nagar,,NORMALIZED,
SITAPUR,Sitapur,,NORMALIZED,
SONBHADRA,Sonbhadra,,NORMALIZED,
SULTANPUR,Sultanpur,,NORMALIZED,
UNNAO,Unnao,,NORMALIZED,
VARANASI,Varanasi,,NORMALIZED,
ALMORA,Almora,,NORMALIZED,
BAGESHWAR,Bageshwar,,NORMALIZED,
CHAMOLI,Chamoli,,NORMALIZED,
CHAMPAWAT,Champawat,,NORMALIZED,
DEHRADUN,Dehra Dun,,NORMALIZED,
HARIDWAR,Haridwar,,NORMALIZED,
NAINITAL,Naini Tal,,NORMALIZED,
PAURI GARHWAL,Pauri Garhwal,,NORMALIZED,
PITHORAGARH,Pithoragarh,,NORMALIZED,
RUDRA PRAYAG,Rudra Prayag,,NORMALIZED,
TEHRI GARHWAL,Tehri Garhwal,,NORMALIZED,
UDAM SINGH NAGAR,,,UNMATCHED,Not found in geojson
UTTAR KASHI,Uttarkashi,,NORMALIZED,
24 PARAGANAS NORTH,,,UNMATCHED,Not found in geojson
24 PARAGANAS SOUTH,,,UNMATCHED,Not found in geojson
BANKURA,Bankura,,NORMALIZED,
BARDHAMAN,,,UNMATCHED,Not found in geojson
BIRBHUM,Birbhum,,NORMALIZED,
COOCHBEHAR,,,UNMATCHED,Not found in geojson
DARJEELING,,,UNMATCHED,Not found in geojson
DINAJPUR DAKSHIN,,,UNMATCHED,Not found in geojson
DINAJPUR UTTAR,,,UNMATCHED,Not found in geojson
HOOGHLY,,,UNMATCHED,Not found in geojson
HOWRAH,,,UNMATCHED,Not found in geojson
JALPAIGURI,Jalpaiguri,,NORMALIZED,
MALDAH,Maldah,,NORMALIZED,
MEDINIPUR EAST,,,UNMATCHED,Not found in geojson
MEDINIPUR WEST,,,UNMATCHED,Not found in geojson
MURSHIDABAD,Murshidabad,,NORMALIZED,
NADIA,Nadia,,NORMALIZED,
PURULIA,,,UNMATCHED,Not found in geojson
