APY_District,Boundary_District,State,Mapping_Method,Confidence,Notes,Source
NICOBARS,Nicobar Islands,,FUZZY,MEDIUM,Matched to Nicobar Islands,
NORTH AND MIDDLE ANDAMAN,,,UNMATCHED,NONE,Not found,
SOUTH ANDAMANS,,,UNMATCHED,NONE,Not found,
ANANTAPUR,Anantapur,,NORMALIZED,HIGH,,
CHITTOOR,Chittoor,,NORMALIZED,HIGH,,
EAST GODAVARI,East Godavari,,NORMALIZED,HIGH,,
GUNTUR,Guntur,,NORMALIZED,HIGH,,
KADAPA,,,UNMATCHED,NONE,Not found,
KRISHNA,Krishna,,NORMALIZED,HIGH,,
KURNOOL,Kurnool,,NORMALIZED,HIGH,,
PRAKASAM,Prakasam,,NORMALIZED,HIGH,,
SPSR NELLORE,Nellore,,FUZZY,MEDIUM,Matched to Nellore,
SRIKAKULAM,Srikakulam,,NORMALIZED,HIGH,,
VISAKHAPATANAM,Vishakhapatnam,,FUZZY,MEDIUM,Matched to Vishakhapatnam,
VIZIANAGARAM,Vizianagaram,,NORMALIZED,HIGH,,
WEST GODAVARI,West Godavari,,NORMALIZED,HIGH,,
ANJAW,Ganjam,,FUZZY,MEDIUM,Matched to Ganjam,
CHANGLANG,Changlang,,NORMALIZED,HIGH,,
DIBANG VALLEY,Upper Dibang Valley,,FUZZY,MEDIUM,Matched to Upper Dibang Valley,
EAST KAMENG,East Kameng,,NORMALIZED,HIGH,,
EAST SIANG,East Siang,,NORMALIZED,HIGH,,
KURUNG KUMEY,Kurung Kumey,,NORMALIZED,HIGH,,
LOHIT,Lohit,,NORMALIZED,HIGH,,
LONGDING,,,UNMATCHED,NONE,Not found,
LOWER DIBANG VALLEY,Lower Dibang Valley,,NORMALIZED,HIGH,,
LOWER SUBANSIRI,Lower Subansiri,,NORMALIZED,HIGH,,
NAMSAI,Navsari,,FUZZY,MEDIUM,Matched to Navsari,
PAPUM PARE,Papum Pare,,NORMALIZED,HIGH,,
TAWANG,Tawang,,NORMALIZED,HIGH,,
TIRAP,Tirap,,NORMALIZED,HIGH,,
UPPER SIANG,Upper Siang,,NORMALIZED,HIGH,,
UPPER SUBANSIRI,Upper Subansiri,,NORMALIZED,HIGH,,
WEST KAMENG,West Kameng,,NORMALIZED,HIGH,,
WEST SIANG,West Siang,,NORMALIZED,HIGH,,
BAKSA,Banka,,FUZZY,MEDIUM,Matched to Banka,
BARPETA,Barpeta,,NORMALIZED,HIGH,,
BONGAIGAON,Bongaigaon,,NORMALIZED,HIGH,,
CACHAR,Cachar,,NORMALIZED,HIGH,,
CHIRANG,,,UNMATCHED,NONE,Not found,
DARRANG,Darrang,,NORMALIZED,HIGH,,
DHEMAJI,Dhemaji,,NORMALIZED,HIGH,,
DHUBRI,Dhuburi,,FUZZY,MEDIUM,Matched to Dhuburi,
DIBRUGARH,Dibrugarh,,NORMALIZED,HIGH,,
DIMA HASAO,,,UNMATCHED,NONE,Not found,
GOALPARA,Goalpara,,NORMALIZED,HIGH,,
GOLAGHAT,Golaghat,,NORMALIZED,HIGH,,
HAILAKANDI,Hailakandi,,NORMALIZED,HIGH,,
JORHAT,Jorhat,,NORMALIZED,HIGH,,
KAMRUP,Kamrup,,NORMALIZED,HIGH,,
KAMRUP METRO,Kamrup,,FUZZY,MEDIUM,Matched to Kamrup,
KARBI ANGLONG,Karbi Anglong,,NORMALIZED,HIGH,,
KARIMGANJ,Karimganj,,NORMALIZED,HIGH,,
KOKRAJHAR,Kokrajhar,,NORMALIZED,HIGH,,
LAKHIMPUR,Lakhimpur,,NORMALIZED,HIGH,,
MARIGAON,Marigaon,,NORMALIZED,HIGH,,
NAGAON,Nagaon,,NORMALIZED,HIGH,,
NALBARI,Nalbari,,NORMALIZED,HIGH,,
SIVASAGAR,Sibsagar,,FUZZY,MEDIUM,Matched to Sibsagar,
SONITPUR,Sonitpur,,NORMALIZED,HIGH,,
TINSUKIA,Tinsukia,,NORMALIZED,HIGH,,
UDALGURI,,,UNMATCHED,NONE,Not found,
ARARIA,Araria,,NORMALIZED,HIGH,,
ARWAL,Karnal,,FUZZY,MEDIUM,Matched to Karnal,
AURANGABAD,Aurangabad,,NORMALIZED,HIGH,,
BANKA,Banka,,NORMALIZED,HIGH,,
BEGUSARAI,Begusarai,,NORMALIZED,HIGH,,
BHAGALPUR,Bhagalpur,,NORMALIZED,HIGH,,
BHOJPUR,Bhojpur,,NORMALIZED,HIGH,,
BUXAR,Buxar,,NORMALIZED,HIGH,,
DARBHANGA,Darbhanga,,NORMALIZED,HIGH,,
GAYA,Gaya,,NORMALIZED,HIGH,,
GOPALGANJ,Gopalganj,,NORMALIZED,HIGH,,
JAMUI,Jamui,,NORMALIZED,HIGH,,
JEHANABAD,Jehanabad,,NORMALIZED,HIGH,,
KAIMUR (BHABUA),,,UNMATCHED,NONE,Not found,
KATIHAR,Katihar,,NORMALIZED,HIGH,,
KHAGARIA,Khagaria,,NORMALIZED,HIGH,,
KISHANGANJ,Kishanganj,,NORMALIZED,HIGH,,
LAKHISARAI,Lakhisarai,,NORMALIZED,HIGH,,
MADHEPURA,Madhepura,,NORMALIZED,HIGH,,
MADHUBANI,Madhubani,,NORMALIZED,HIGH,,
MUNGER,Munger,,NORMALIZED,HIGH,,
MUZAFFARPUR,Muzaffarpur,,NORMALIZED,HIGH,,
NALANDA,Nalanda,,NORMALIZED,HIGH,,
NAWADA,Nawada,,NORMALIZED,HIGH,,
PASHCHIM CHAMPARAN,Pashchim Champaran,,NORMALIZED,HIGH,,
PATNA,Patna,,NORMALIZED,HIGH,,
PURBI CHAMPARAN,Pashchim Champaran,,FUZZY,MEDIUM,Matched to Pashchim Champaran,
PURNIA,Purnia,,NORMALIZED,HIGH,,
ROHTAS,Rohtas,,NORMALIZED,HIGH,,
SAHARSA,Saharsa,,NORMALIZED,HIGH,,
SAMASTIPUR,Samastipur,,NORMALIZED,HIGH,,
SARAN,Saran,,NORMALIZED,HIGH,,
SHEIKHPURA,Sheikhpura,,NORMALIZED,HIGH,,
SHEOHAR,Sheohar,,NORMALIZED,HIGH,,
SITAMARHI,Sitamarhi,,NORMALIZED,HIGH,,
SIWAN,Siwan,,NORMALIZED,HIGH,,
SUPAUL,Supaul,,NORMALIZED,HIGH,,
VAISHALI,Vaishali,,NORMALIZED,HIGH,,
CHANDIGARH,Chandigarh,,NORMALIZED,HIGH,,
BALOD,,,UNMATCHED,NONE,Not found,
BALODA BAZAR,,,UNMATCHED,NONE,Not found,
BALRAMPUR,Balrampur,,NORMALIZED,HIGH,,
BASTAR,Bastar,,NORMALIZED,HIGH,,
BEMETARA,,,UNMATCHED,NONE,Not found,
BIJAPUR,Bijapur,,NORMALIZED,HIGH,,
BILASPUR,Bilaspur,,NORMALIZED,HIGH,,
DANTEWADA,Dantewada,,NORMALIZED,HIGH,,
DHAMTARI,Dhamtari,,NORMALIZED,HIGH,,
DURG,Durg,,NORMALIZED,HIGH,,
GARIYABAND,Ghaziabad,,FUZZY,MEDIUM,Matched to Ghaziabad,
JANJGIR-CHAMPA,Janjgir-Champa,,NORMALIZED,HIGH,,
JASHPUR,Jashpur,,NORMALIZED,HIGH,,
KABIRDHAM,Kawardha,,FUZZY,MEDIUM,Matched to Kawardha,
KANKER,Kanker,,NORMALIZED,HIGH,,
KONDAGAON,Nagaon,,FUZZY,MEDIUM,Matched to Nagaon,
KORBA,Korba,,NORMALIZED,HIGH,,
KOREA,Korba,,FUZZY,MEDIUM,Matched to Korba,
MAHASAMUND,Mahasamund,,NORMALIZED,HIGH,,
MUNGELI,Munger,,FUZZY,MEDIUM,Matched to Munger,
NARAYANPUR,Nabarangpur,,FUZZY,MEDIUM,Matched to Nabarangpur,
RAIGARH,Raigarh,,NORMALIZED,HIGH,,
RAIPUR,Raipur,,NORMALIZED,HIGH,,
RAJNANDGAON,Raj Nandgaon,,NORMALIZED,HIGH,,
SUKMA,,,UNMATCHED,NONE,Not found,
SURAJPUR,Shajapur,,FUZZY,MEDIUM,Matched to Shajapur,
SURGUJA,Surguja,,NORMALIZED,HIGH,,
DADRA AND NAGAR HAVELI,Dadra and Nagar Haveli,,NORMALIZED,HIGH,,
NORTH GOA,North Goa,,NORMALIZED,HIGH,,
SOUTH GOA,South Goa,,NORMALIZED,HIGH,,
AHMADABAD,Ahmadabad,,NORMALIZED,HIGH,,
AMRELI,Amreli,,NORMALIZED,HIGH,,
ANAND,Anand,,NORMALIZED,HIGH,,
BANAS KANTHA,Banas Kantha,,NORMALIZED,HIGH,,
BHARUCH,Bharuch,,NORMALIZED,HIGH,,
BHAVNAGAR,Bhavnagar,,NORMALIZED,HIGH,,
DANG,Darrang,,FUZZY,MEDIUM,Matched to Darrang,
DOHAD,,,UNMATCHED,NONE,Not found,
GANDHINAGAR,Gandhinagar,,NORMALIZED,HIGH,,
JAMNAGAR,Jamnagar,,NORMALIZED,HIGH,,
JUNAGADH,Junagadh,,NORMALIZED,HIGH,,
KACHCHH,Kachchh,,NORMALIZED,HIGH,,
KHEDA,Kheda,,NORMALIZED,HIGH,,
MAHESANA,Mahesana,,NORMALIZED,HIGH,,
NARMADA,Narmada,,NORMALIZED,HIGH,,
NAVSARI,Navsari,,NORMALIZED,HIGH,,
PANCH MAHALS,Panch Mahals,,NORMALIZED,HIGH,,
PATAN,Patan,,NORMALIZED,HIGH,,
PORBANDAR,Porbandar,,NORMALIZED,HIGH,,
RAJKOT,Rajkot,,NORMALIZED,HIGH,,
SABAR KANTHA,Sabar Kantha,,NORMALIZED,HIGH,,
SURAT,Surat,,NORMALIZED,HIGH,,
SURENDRANAGAR,Surendranagar,,NORMALIZED,HIGH,,
TAPI,,,UNMATCHED,NONE,Not found,
VADODARA,Vadodara,,NORMALIZED,HIGH,,
VALSAD,Valsad,,NORMALIZED,HIGH,,
AMBALA,Ambala,,NORMALIZED,HIGH,,
BHIWANI,Bhiwani,,NORMALIZED,HIGH,,
FARIDABAD,Faridabad,,NORMALIZED,HIGH,,
FATEHABAD,Fatehabad,,NORMALIZED,HIGH,,
GURGAON,Gurgaon,,NORMALIZED,HIGH,,
HISAR,Hisar,,NORMALIZED,HIGH,,
JHAJJAR,Jhajjar,,NORMALIZED,HIGH,,
JIND,Jind,,NORMALIZED,HIGH,,
KAITHAL,Kaithal,,NORMALIZED,HIGH,,
KARNAL,Karnal,,NORMALIZED,HIGH,,
KURUKSHETRA,Kurukshetra,,NORMALIZED,HIGH,,
MAHENDRAGARH,Mahendragarh,,NORMALIZED,HIGH,,
MEWAT,,,UNMATCHED,NONE,Not found,
PALWAL,Alwar,,FUZZY,MEDIUM,Matched to Alwar,
PANCHKULA,Panchkula,,NORMALIZED,HIGH,,
PANIPAT,Panipat,,NORMALIZED,HIGH,,
REWARI,Rewari,,NORMALIZED,HIGH,,
ROHTAK,Rohtak,,NORMALIZED,HIGH,,
SIRSA,Sirsa,,NORMALIZED,HIGH,,
SONIPAT,Sonepat,,FUZZY,MEDIUM,Matched to Sonepat,
YAMUNANAGAR,Yamuna Nagar,,NORMALIZED,HIGH,,
CHAMBA,Chamba,,NORMALIZED,HIGH,,
HAMIRPUR,Hamirpur,,NORMALIZED,HIGH,,
KANGRA,Kangra,,NORMALIZED,HIGH,,
KINNAUR,Kinnaur,,NORMALIZED,HIGH,,
KULLU,Kullu,,NORMALIZED,HIGH,,
LAHUL AND SPITI,Lahul and Spiti,,NORMALIZED,HIGH,,
MANDI,Mandi,,NORMALIZED,HIGH,,
SHIMLA,Shimla,,NORMALIZED,HIGH,,
SIRMAUR,Sirmaur,,NORMALIZED,HIGH,,
SOLAN,Solan,,NORMALIZED,HIGH,,
UNA,Una,,NORMALIZED,HIGH,,
ANANTNAG,Anantapur,,FUZZY,MEDIUM,Matched to Anantapur,
BADGAM,Bagdam,,FUZZY,MEDIUM,Matched to Bagdam,
BANDIPORA,Banda,,FUZZY,MEDIUM,Matched to Banda,
BARAMULLA,,,UNMATCHED,NONE,Not found,
DODA,Doda,,NORMALIZED,HIGH,,
GANDERBAL,,,UNMATCHED,NONE,Not found,
JAMMU,Jammu,,NORMALIZED,HIGH,,
KARGIL,Kargil,,NORMALIZED,HIGH,,
KATHUA,Kathua,,NORMALIZED,HIGH,,
KISHTWAR,,,UNMATCHED,NONE,Not found,
KULGAM,,,UNMATCHED,NONE,Not found,
KUPWARA,,,UNMATCHED,NONE,Not found,
LEH LADAKH,,,UNMATCHED,NONE,Not found,
POONCH,Punch,,FUZZY,MEDIUM,Matched to Punch,
PULWAMA,Pulwama,,NORMALIZED,HIGH,,
RAJAURI,Rajauri,,NORMALIZED,HIGH,,
RAMBAN,Daman,,FUZZY,MEDIUM,Matched to Daman,
REASI,Rewari,,FUZZY,MEDIUM,Matched to Rewari,
SAMBA,Chamba,,FUZZY,MEDIUM,Matched to Chamba,
SHOPIAN,,,UNMATCHED,NONE,Not found,
SRINAGAR,Srinagar,,NORMALIZED,HIGH,,
UDHAMPUR,Udhampur,,NORMALIZED,HIGH,,
BOKARO,Bokaro,,NORMALIZED,HIGH,,
CHATRA,Chatra,,NORMALIZED,HIGH,,
DEOGHAR,Deoghar,,NORMALIZED,HIGH,,
DHANBAD,Dhanbad,,NORMALIZED,HIGH,,
DUMKA,Dumka,,NORMALIZED,HIGH,,
EAST SINGHBUM,Pashchim Singhbhum,,FUZZY,MEDIUM,Matched to Pashchim Singhbhum,
GARHWA,Garhwa,,NORMALIZED,HIGH,,
GIRIDIH,Giridih,,NORMALIZED,HIGH,,
GODDA,Godda,,NORMALIZED,HIGH,,
GUMLA,Gumla,,NORMALIZED,HIGH,,
HAZARIBAGH,Hazaribag,,FUZZY,MEDIUM,Matched to Hazaribag,
JAMTARA,Jamtara,,NORMALIZED,HIGH,,
KHUNTI,,,UNMATCHED,NONE,Not found,
KODERMA,Koderma,,NORMALIZED,HIGH,,
LATEHAR,Latehar,,NORMALIZED,HIGH,,
LOHARDAGA,Lohardaga,,NORMALIZED,HIGH,,
PAKUR,Pakur,,NORMALIZED,HIGH,,
PALAMU,Palamu,,NORMALIZED,HIGH,,
RAMGARH,Rajgarh,,FUZZY,MEDIUM,Matched to Rajgarh,
RANCHI,Ranchi,,NORMALIZED,HIGH,,
SAHEBGANJ,Sahibganj,,FUZZY,MEDIUM,Matched to Sahibganj,
SARAIKELA KHARSAWAN,Saraikela Kharsawan,,NORMALIZED,HIGH,,
SIMDEGA,Simdega,,NORMALIZED,HIGH,,
WEST SINGHBHUM,Pashchim Singhbhum,,NORMALIZED,HIGH,,
BAGALKOT,Bagalkot,,NORMALIZED,HIGH,,
BANGALORE RURAL,Bangalore Rural,,NORMALIZED,HIGH,,
BELGAUM,Belgaum,,NORMALIZED,HIGH,,
BELLARY,Bellary,,NORMALIZED,HIGH,,
BENGALURU URBAN,Bangalore Urban,,FUZZY,MEDIUM,Matched to Bangalore Urban,
BIDAR,Bidar,,NORMALIZED,HIGH,,
CHAMARAJANAGAR,Chamrajnagar,,FUZZY,MEDIUM,Matched to Chamrajnagar,
CHIKBALLAPUR,,,UNMATCHED,NONE,Not found,
CHIKMAGALUR,Chikmagalur,,NORMALIZED,HIGH,,
CHITRADURGA,Chitradurga,,NORMALIZED,HIGH,,
DAKSHIN KANNAD,Dakshin Kannad,,NORMALIZED,HIGH,,
DAVANGERE,Davanagere,,FUZZY,MEDIUM,Matched to Davanagere,
DHARWAD,Dharwad,,NORMALIZED,HIGH,,
GADAG,Gadag,,NORMALIZED,HIGH,,
GULBARGA,Gulbarga,,NORMALIZED,HIGH,,
HASSAN,Hassan,,NORMALIZED,HIGH,,
HAVERI,Haveri,,NORMALIZED,HIGH,,
KODAGU,Kodagu,,NORMALIZED,HIGH,,
KOLAR,Kolar,,NORMALIZED,HIGH,,
KOPPAL,Koppal,,NORMALIZED,HIGH,,
MANDYA,Mandya,,NORMALIZED,HIGH,,
MYSORE,Mysore,,NORMALIZED,HIGH,,
RAICHUR,Raichur,,NORMALIZED,HIGH,,
RAMANAGARA,Jamnagar,,FUZZY,MEDIUM,Matched to Jamnagar,
SHIMOGA,Shimoga,,NORMALIZED,HIGH,,
TUMKUR,Tumkur,,NORMALIZED,HIGH,,
UDUPI,Udupi,,NORMALIZED,HIGH,,
UTTAR KANNAD,Uttar Kannand,,FUZZY,MEDIUM,Matched to Uttar Kannand,
YADGIR,,,UNMATCHED,NONE,Not found,
ALAPPUZHA,Alappuzha,,NORMALIZED,HIGH,,
ERNAKULAM,Ernakulam,,NORMALIZED,HIGH,,
IDUKKI,Idukki,,NORMALIZED,HIGH,,
KANNUR,Kannur,,NORMALIZED,HIGH,,
KASARAGOD,Kasaragod,,NORMALIZED,HIGH,,
KOLLAM,Kollam,,NORMALIZED,HIGH,,
KOTTAYAM,Kottayam,,NORMALIZED,HIGH,,
KOZHIKODE,Kozhikode,,NORMALIZED,HIGH,,
MALAPPURAM,Malappuram,,NORMALIZED,HIGH,,
PALAKKAD,Palakkad,,NORMALIZED,HIGH,,
PATHANAMTHITTA,Pattanamtitta,,FUZZY,MEDIUM,Matched to Pattanamtitta,
THIRUVANANTHAPURAM,Thiruvananthapuram,,NORMALIZED,HIGH,,
THRISSUR,Thrissur,,NORMALIZED,HIGH,,
WAYANAD,Wayanad,,NORMALIZED,HIGH,,
AGAR MALWA,,,UNMATCHED,NONE,Not found,
ALIRAJPUR,Balrampur,,FUZZY,MEDIUM,Matched to Balrampur,
ANUPPUR,Anuppur,,NORMALIZED,HIGH,,
ASHOKNAGAR,Ashoknagar,,NORMALIZED,HIGH,,
BALAGHAT,Balaghat,,NORMALIZED,HIGH,,
BARWANI,Barwani,,NORMALIZED,HIGH,,
BETUL,Betul,,NORMALIZED,HIGH,,
BHIND,Bhind,,NORMALIZED,HIGH,,
BHOPAL,Bhopal,,NORMALIZED,HIGH,,
BURHANPUR,Burhanpur,,NORMALIZED,HIGH,,
CHHATARPUR,Chhatarpur,,NORMALIZED,HIGH,,
CHHINDWARA,Chhindwara,,NORMALIZED,HIGH,,
DAMOH,Damoh,,NORMALIZED,HIGH,,
DATIA,Datia,,NORMALIZED,HIGH,,
DEWAS,Dewas,,NORMALIZED,HIGH,,
DHAR,Dhar,,NORMALIZED,HIGH,,
DINDORI,Dindori,,NORMALIZED,HIGH,,
GUNA,Guna,,NORMALIZED,HIGH,,
GWALIOR,Gwalior,,NORMALIZED,HIGH,,
HARDA,Harda,,NORMALIZED,HIGH,,
HOSHANGABAD,Hoshangabad,,NORMALIZED,HIGH,,
INDORE,Indore,,NORMALIZED,HIGH,,
JABALPUR,Jabalpur,,NORMALIZED,HIGH,,
JHABUA,Jhabua,,NORMALIZED,HIGH,,
KATNI,Katni,,NORMALIZED,HIGH,,
KHANDWA,,,UNMATCHED,NONE,Not found,
KHARGONE,,,UNMATCHED,NONE,Not found,
MANDLA,Mandla,,NORMALIZED,HIGH,,
MANDSAUR,Mandsaur,,NORMALIZED,HIGH,,
MORENA,Morena,,NORMALIZED,HIGH,,
NARSINGHPUR,Narsinghpur,,NORMALIZED,HIGH,,
NEEMUCH,Neemuch,,NORMALIZED,HIGH,,
PANNA,Panna,,NORMALIZED,HIGH,,
RAISEN,Raisen,,NORMALIZED,HIGH,,
RAJGARH,Rajgarh,,NORMALIZED,HIGH,,
RATLAM,Ratlam,,NORMALIZED,HIGH,,
REWA,Rewa,,NORMALIZED,HIGH,,
SAGAR,Sagar,,NORMALIZED,HIGH,,
SATNA,Satna,,NORMALIZED,HIGH,,
SEHORE,Sehore,,NORMALIZED,HIGH,,
SEONI,Seoni,,NORMALIZED,HIGH,,
SHAHDOL,Shahdol,,NORMALIZED,HIGH,,
SHAJAPUR,Shajapur,,NORMALIZED,HIGH,,
SHEOPUR,Sheopur,,NORMALIZED,HIGH,,
SHIVPURI,Shivpuri,,NORMALIZED,HIGH,,
SIDHI,Sidhi,,NORMALIZED,HIGH,,
SINGRAULI,,,UNMATCHED,NONE,Not found,
TIKAMGARH,Tikamgarh,,NORMALIZED,HIGH,,
UJJAIN,Ujjain,,NORMALIZED,HIGH,,
UMARIA,Umaria,,NORMALIZED,HIGH,,
VIDISHA,Vidisha,,NORMALIZED,HIGH,,
AHMEDNAGAR,Ahmednagar,,NORMALIZED,HIGH,,
AKOLA,Akola,,NORMALIZED,HIGH,,
AMRAVATI,Amravati,,NORMALIZED,HIGH,,
BEED,,,UNMATCHED,NONE,Not found,
BHANDARA,Bhandara,,NORMALIZED,HIGH,,
BULDHANA,Buldana,,FUZZY,MEDIUM,Matched to Buldana,
CHANDRAPUR,Chandrapur,,NORMALIZED,HIGH,,
DHULE,Dhule,,NORMALIZED,HIGH,,
GADCHIROLI,Garhchiroli,,FUZZY,MEDIUM,Matched to Garhchiroli,
GONDIA,Gondiya,,FUZZY,MEDIUM,Matched to Gondiya,
HINGOLI,Hingoli,,NORMALIZED,HIGH,,
JALGAON,Jalgaon,,NORMALIZED,HIGH,,
JALNA,Jalna,,NORMALIZED,HIGH,,
KOLHAPUR,Kolhapur,,NORMALIZED,HIGH,,
LATUR,Latur,,NORMALIZED,HIGH,,
NAGPUR,Nagpur,,NORMALIZED,HIGH,,
NANDED,Nanded,,NORMALIZED,HIGH,,
NANDURBAR,Nandurbar,,NORMALIZED,HIGH,,
NASHIK,Nashik,,NORMALIZED,HIGH,,
OSMANABAD,Osmanabad,,NORMALIZED,HIGH,,
PALGHAR,Aligarh,,FUZZY,MEDIUM,Matched to Aligarh,
PARBHANI,Parbhani,,NORMALIZED,HIGH,,
PUNE,Pune,,NORMALIZED,HIGH,,
RAIGAD,Raigarh,,FUZZY,MEDIUM,Matched to Raigarh,
RATNAGIRI,Ratnagiri,,NORMALIZED,HIGH,,
SANGLI,Sangli,,NORMALIZED,HIGH,,
SATARA,Satara,,NORMALIZED,HIGH,,
SINDHUDURG,Sindhudurg,,NORMALIZED,HIGH,,
SOLAPUR,Solapur,,NORMALIZED,HIGH,,
THANE,Thane,,NORMALIZED,HIGH,,
WARDHA,Wardha,,NORMALIZED,HIGH,,
WASHIM,Washim,,NORMALIZED,HIGH,,
YAVATMAL,Yavatmal,,NORMALIZED,HIGH,,
BISHNUPUR,Bishnupur,,NORMALIZED,HIGH,,
CHANDEL,Chandel,,NORMALIZED,HIGH,,
CHURACHANDPUR,Churachandpur,,NORMALIZED,HIGH,,
IMPHAL EAST,,,UNMATCHED,NONE,Not found,
IMPHAL WEST,,,UNMATCHED,NONE,Not found,
SENAPATI,Senapati,,NORMALIZED,HIGH,,
TAMENGLONG,Tamenglong,,NORMALIZED,HIGH,,
THOUBAL,Thoubal,,NORMALIZED,HIGH,,
UKHRUL,Ukhrul,,NORMALIZED,HIGH,,
EAST GARO HILLS,East Garo Hills,,NORMALIZED,HIGH,,
EAST JAINTIA HILLS,Jaintia Hills,,FUZZY,MEDIUM,Matched to Jaintia Hills,
EAST KHASI HILLS,East Khasi Hills,,NORMALIZED,HIGH,,
NORTH GARO HILLS,South Garo Hills,,FUZZY,MEDIUM,Matched to South Garo Hills,
RI BHOI,Ri-Bhoi,,NORMALIZED,HIGH,,
SOUTH GARO HILLS,South Garo Hills,,NORMALIZED,HIGH,,
SOUTH WEST GARO HILLS,South Garo Hills,,FUZZY,MEDIUM,Matched to South Garo Hills,
SOUTH WEST KHASI HILLS,West Khasi Hills,,FUZZY,MEDIUM,Matched to West Khasi Hills,
WEST GARO HILLS,West Garo Hills,,NORMALIZED,HIGH,,
WEST JAINTIA HILLS,Jaintia Hills,,FUZZY,MEDIUM,Matched to Jaintia Hills,
WEST KHASI HILLS,West Khasi Hills,,NORMALIZED,HIGH,,
AIZAWL,Aizawl,,NORMALIZED,HIGH,,
CHAMPHAI,Champhai,,NORMALIZED,HIGH,,
KOLASIB,Kolasib,,NORMALIZED,HIGH,,
LAWNGTLAI,Lawngtlai,,NORMALIZED,HIGH,,
LUNGLEI,Lunglei,,NORMALIZED,HIGH,,
MAMIT,Mamit,,NORMALIZED,HIGH,,
SAIHA,Saiha,,NORMALIZED,HIGH,,
SERCHHIP,Serchhip,,NORMALIZED,HIGH,,
DIMAPUR,Dimapur,,NORMALIZED,HIGH,,
KIPHIRE,,,UNMATCHED,NONE,Not found,
KOHIMA,Kohima,,NORMALIZED,HIGH,,
LONGLENG,,,UNMATCHED,NONE,Not found,
MOKOKCHUNG,Mokokchung,,NORMALIZED,HIGH,,
MON,Mon,,NORMALIZED,HIGH,,
PEREN,,,UNMATCHED,NONE,Not found,
PHEK,Phek,,NORMALIZED,HIGH,,
TUENSANG,Tuensang,,NORMALIZED,HIGH,,
WOKHA,Wokha,,NORMALIZED,HIGH,,
ZUNHEBOTO,Zunheboto,,NORMALIZED,HIGH,,
ANUGUL,Angul,,FUZZY,MEDIUM,Matched to Angul,
BALANGIR,Bolangir,,FUZZY,MEDIUM,Matched to Bolangir,
BALESHWAR,Baleshwar,,NORMALIZED,HIGH,,
BARGARH,Baragarh,,FUZZY,MEDIUM,Matched to Baragarh,
BHADRAK,Bhadrak,,NORMALIZED,HIGH,,
BOUDH,Boudh,,NORMALIZED,HIGH,,
CUTTACK,Cuttack,,NORMALIZED,HIGH,,
DEOGARH,Deogarh,,NORMALIZED,HIGH,,
DHENKANAL,Dhenkanal,,NORMALIZED,HIGH,,
GAJAPATI,Gajapati,,NORMALIZED,HIGH,,
GANJAM,Ganjam,,NORMALIZED,HIGH,,
JAGATSINGHAPUR,Jagatsinghpur,,FUZZY,MEDIUM,Matched to Jagatsinghpur,
JAJAPUR,Jajpur,,FUZZY,MEDIUM,Matched to Jajpur,
JHARSUGUDA,Jharsuguda,,NORMALIZED,HIGH,,
KALAHANDI,Kalahandi,,NORMALIZED,HIGH,,
KANDHAMAL,Kandhamal,,NORMALIZED,HIGH,,
KENDRAPARA,Kendrapara,,NORMALIZED,HIGH,,
KENDUJHAR,Keonjhar,,FUZZY,MEDIUM,Matched to Keonjhar,
KHORDHA,Khordha,,NORMALIZED,HIGH,,
KORAPUT,Koraput,,NORMALIZED,HIGH,,
MALKANGIRI,Malkangiri,,NORMALIZED,HIGH,,
MAYURBHANJ,Mayurbhanj,,NORMALIZED,HIGH,,
NABARANGPUR,Nabarangpur,,NORMALIZED,HIGH,,
NAYAGARH,Nayagarh,,NORMALIZED,HIGH,,
NUAPADA,Nuapada,,NORMALIZED,HIGH,,
PURI,Puri,,NORMALIZED,HIGH,,
RAYAGADA,Rayagada,,NORMALIZED,HIGH,,
SAMBALPUR,Sambalpur,,NORMALIZED,HIGH,,
SONEPUR,Sonepur,,NORMALIZED,HIGH,,
SUNDARGARH,Sundargarh,,NORMALIZED,HIGH,,
KARAIKAL,Karaikal,,NORMALIZED,HIGH,,
MAHE,Mahe,,NORMALIZED,HIGH,,
PONDICHERRY,Puducherry,,FUZZY,MEDIUM,Matched to Puducherry,
YANAM,Yanam,,NORMALIZED,HIGH,,
AMRITSAR,Amritsar,,NORMALIZED,HIGH,,
BARNALA,Karnal,,FUZZY,MEDIUM,Matched to Karnal,
BATHINDA,Bathinda,,NORMALIZED,HIGH,,
FARIDKOT,Faridkot,,NORMALIZED,HIGH,,
FATEHGARH SAHIB,Fatehgarh Sahib,,NORMALIZED,HIGH,,
FAZILKA,,,UNMATCHED,NONE,Not found,
FIROZEPUR,Firozpur,,FUZZY,MEDIUM,Matched to Firozpur,
GURDASPUR,Gurdaspur,,NORMALIZED,HIGH,,
HOSHIARPUR,Hoshiarpur,,NORMALIZED,HIGH,,
JALANDHAR,Jalandhar,,NORMALIZED,HIGH,,
KAPURTHALA,Kapurthala,,NORMALIZED,HIGH,,
LUDHIANA,Ludhiana,,NORMALIZED,HIGH,,
MANSA,Mansa,,NORMALIZED,HIGH,,
MOGA,Moga,,NORMALIZED,HIGH,,
MUKTSAR,Muktsar,,NORMALIZED,HIGH,,
NAWANSHAHR,Nawan Shehar,,FUZZY,MEDIUM,Matched to Nawan Shehar,
PATHANKOT,Patan,,FUZZY,MEDIUM,Matched to Patan,
PATIALA,Patiala,,NORMALIZED,HIGH,,
RUPNAGAR,Rupnagar,,NORMALIZED,HIGH,,
S.A.S NAGAR,Ashoknagar,,FUZZY,MEDIUM,Matched to Ashoknagar,
SANGRUR,Sangrur,,NORMALIZED,HIGH,,
TARN TARAN,,,UNMATCHED,NONE,Not found,
AJMER,Ajmer,,NORMALIZED,HIGH,,
ALWAR,Alwar,,NORMALIZED,HIGH,,
BANSWARA,Banswara,,NORMALIZED,HIGH,,
BARAN,Baran,,NORMALIZED,HIGH,,
BARMER,Barmer,,NORMALIZED,HIGH,,
BHARATPUR,Bharatpur,,NORMALIZED,HIGH,,
BHILWARA,Bhilwara,,NORMALIZED,HIGH,,
BIKANER,Bikaner,,NORMALIZED,HIGH,,
BUNDI,Bundi,,NORMALIZED,HIGH,,
CHITTORGARH,Chittaurgarh,,FUZZY,MEDIUM,Matched to Chittaurgarh,
CHURU,Churu,,NORMALIZED,HIGH,,
DAUSA,Dausa,,NORMALIZED,HIGH,,
DHOLPUR,Dhaulpur,,FUZZY,MEDIUM,Matched to Dhaulpur,
DUNGARPUR,Dungarpur,,NORMALIZED,HIGH,,
GANGANAGAR,Ganganagar,,NORMALIZED,HIGH,,
HANUMANGARH,Hanumangarh,,NORMALIZED,HIGH,,
JAIPUR,Jaipur,,NORMALIZED,HIGH,,
JAISALMER,Jaisalmer,,NORMALIZED,HIGH,,
JALORE,Jalor,,FUZZY,MEDIUM,Matched to Jalor,
JHALAWAR,Jhalawar,,NORMALIZED,HIGH,,
JHUNJHUNU,Jhunjhunun,,FUZZY,MEDIUM,Matched to Jhunjhunun,
JODHPUR,Jodhpur,,NORMALIZED,HIGH,,
KARAULI,Karauli,,NORMALIZED,HIGH,,
KOTA,Kota,,NORMALIZED,HIGH,,
NAGAUR,Nagaur,,NORMALIZED,HIGH,,
PALI,Pali,,NORMALIZED,HIGH,,
PRATAPGARH,Pratapgarh,,NORMALIZED,HIGH,,
RAJSAMAND,Rajsamand,,NORMALIZED,HIGH,,
SAWAI MADHOPUR,Sawai Madhopur,,NORMALIZED,HIGH,,
SIKAR,Sikar,,NORMALIZED,HIGH,,
SIROHI,Sirohi,,NORMALIZED,HIGH,,
TONK,Tonk,,NORMALIZED,HIGH,,
UDAIPUR,Udaipur,,NORMALIZED,HIGH,,
EAST DISTRICT,,,UNMATCHED,NONE,Not found,
NORTH DISTRICT,,,UNMATCHED,NONE,Not found,
SOUTH DISTRICT,,,UNMATCHED,NONE,Not found,
WEST DISTRICT,,,UNMATCHED,NONE,Not found,
ARIYALUR,Ariyalur,,NORMALIZED,HIGH,,
COIMBATORE,Coimbatore,,NORMALIZED,HIGH,,
CUDDALORE,Cuddalore,,NORMALIZED,HIGH,,
DHARMAPURI,Dharmapuri,,NORMALIZED,HIGH,,
DINDIGUL,Dindigul,,NORMALIZED,HIGH,,
ERODE,Erode,,NORMALIZED,HIGH,,
KANCHIPURAM,Kancheepuram,,FUZZY,MEDIUM,Matched to Kancheepuram,
KANNIYAKUMARI,Kanniyakumari,,NORMALIZED,HIGH,,
KARUR,Karur,,NORMALIZED,HIGH,,
KRISHNAGIRI,Krishna,,FUZZY,MEDIUM,Matched to Krishna,
MADURAI,Madurai,,NORMALIZED,HIGH,,
NAGAPATTINAM,Nagapattinam,,NORMALIZED,HIGH,,
NAMAKKAL,Namakkal,,NORMALIZED,HIGH,,
PERAMBALUR,Perambalur,,NORMALIZED,HIGH,,
PUDUKKOTTAI,Pudukkottai,,NORMALIZED,HIGH,,
RAMANATHAPURAM,Ramanathapuram,,NORMALIZED,HIGH,,
SALEM,Salem,,NORMALIZED,HIGH,,
SIVAGANGA,Sivaganga,,NORMALIZED,HIGH,,
THANJAVUR,Thanjavur,,NORMALIZED,HIGH,,
THE NILGIRIS,Nilgiris,,FUZZY,MEDIUM,Matched to Nilgiris,
THENI,Theni,,NORMALIZED,HIGH,,
THIRUVALLUR,Thiruvallur,,NORMALIZED,HIGH,,
THIRUVARUR,Thiruvarur,,NORMALIZED,HIGH,,
TIRUCHIRAPPALLI,Tiruchchirappalli,,FUZZY,MEDIUM,Matched to Tiruchchirappalli,
TIRUNELVELI,Tirunelveli Kattabo,,FUZZY,MEDIUM,Matched to Tirunelveli Kattabo,
TIRUPPUR,,,UNMATCHED,NONE,Not found,
TIRUVANNAMALAI,Tiruvannamalai,,NORMALIZED,HIGH,,
TUTICORIN,,,UNMATCHED,NONE,Not found,
VELLORE,Vellore,,NORMALIZED,HIGH,,
VILLUPURAM,Villupuram,,NORMALIZED,HIGH,,
VIRUDHUNAGAR,Virudhunagar,,NORMALIZED,HIGH,,
ADILABAD,Adilabad,,NORMALIZED,HIGH,,
KARIMNAGAR,Karimnagar,,NORMALIZED,HIGH,,
KHAMMAM,Khammam,,NORMALIZED,HIGH,,
MAHBUBNAGAR,Mahbubnagar,,NORMALIZED,HIGH,,
MEDAK,Medak,,NORMALIZED,HIGH,,
NALGONDA,Nalgonda,,NORMALIZED,HIGH,,
NIZAMABAD,Nizamabad,,NORMALIZED,HIGH,,
RANGAREDDI,Rangareddi,,NORMALIZED,HIGH,,
WARANGAL,Warangal,,NORMALIZED,HIGH,,
DHALAI,Dhalai,,NORMALIZED,HIGH,,
GOMATI,,,UNMATCHED,NONE,Not found,
KHOWAI,,,UNMATCHED,NONE,Not found,
NORTH TRIPURA,North Tripura,,NORMALIZED,HIGH,,
SEPAHIJALA,Patiala,,FUZZY,MEDIUM,Matched to Patiala,
SOUTH TRIPURA,South Tripura,,NORMALIZED,HIGH,,
UNAKOTI,,,UNMATCHED,NONE,Not found,
WEST TRIPURA,West Tripura,,NORMALIZED,HIGH,,
AGRA,Agra,,NORMALIZED,HIGH,,
ALIGARH,Aligarh,,NORMALIZED,HIGH,,
ALLAHABAD,Allahabad,,NORMALIZED,HIGH,,
AMBEDKAR NAGAR,Ambedkar Nagar,,NORMALIZED,HIGH,,
AMETHI,,,UNMATCHED,NONE,Not found,
AMROHA,Damoh,,FUZZY,MEDIUM,Matched to Damoh,
AURAIYA,Auraiya,,NORMALIZED,HIGH,,
AZAMGARH,Azamgarh,,NORMALIZED,HIGH,,
BAGHPAT,Baghpat,,NORMALIZED,HIGH,,
BAHRAICH,Bahraich,,NORMALIZED,HIGH,,
BALLIA,Ballia,,NORMALIZED,HIGH,,
BANDA,Banda,,NORMALIZED,HIGH,,
BARABANKI,Bara Banki,,NORMALIZED,HIGH,,
BAREILLY,Bareilly,,NORMALIZED,HIGH,,
BASTI,Basti,,NORMALIZED,HIGH,,
BIJNOR,Bijnor,,NORMALIZED,HIGH,,
BUDAUN,Badaun,,FUZZY,MEDIUM,Matched to Badaun,
BULANDSHAHR,Bulandshahr,,NORMALIZED,HIGH,,
CHANDAULI,Chandauli,,NORMALIZED,HIGH,,
CHITRAKOOT,Chitrakoot,,NORMALIZED,HIGH,,
DEORIA,Deoria,,NORMALIZED,HIGH,,
ETAH,Etah,,NORMALIZED,HIGH,,
ETAWAH,Etawah,,NORMALIZED,HIGH,,
FAIZABAD,Faizabad,,NORMALIZED,HIGH,,
FARRUKHABAD,Farrukhabad,,NORMALIZED,HIGH,,
FATEHPUR,Fatehpur,,NORMALIZED,HIGH,,
FIROZABAD,Firozabad,,NORMALIZED,HIGH,,
GAUTAM BUDDHA NAGAR,Gautam Buddha Nagar,,NORMALIZED,HIGH,,
GHAZIABAD,Ghaziabad,,NORMALIZED,HIGH,,
GHAZIPUR,Ghazipur,,NORMALIZED,HIGH,,
GONDA,Gonda,,NORMALIZED,HIGH,,
GORAKHPUR,Gorakhpur,,NORMALIZED,HIGH,,
HAPUR,Udhampur,,FUZZY,MEDIUM,Matched to Udhampur,
HARDOI,Hardoi,,NORMALIZED,HIGH,,
HATHRAS,Hathras,,NORMALIZED,HIGH,,
JALAUN,Jalaun,,NORMALIZED,HIGH,,
JAUNPUR,Jaunpur,,NORMALIZED,HIGH,,
JHANSI,Jhansi,,NORMALIZED,HIGH,,
KANNAUJ,Kannauj,,NORMALIZED,HIGH,,
KANPUR DEHAT,Kanpur Dehat,,NORMALIZED,HIGH,,
KANPUR NAGAR,Karimnagar,,FUZZY,MEDIUM,Matched to Karimnagar,
KASGANJ,Karimganj,,FUZZY,MEDIUM,Matched to Karimganj,
KAUSHAMBI,Kaushambi,,NORMALIZED,HIGH,,
KHERI,Haveri,,FUZZY,MEDIUM,Matched to Haveri,
KUSHI NAGAR,Kushinagar,,NORMALIZED,HIGH,,
LALITPUR,Lalitpur,,NORMALIZED,HIGH,,
LUCKNOW,Lucknow,,NORMALIZED,HIGH,,
MAHARAJGANJ,Maharajganj,,NORMALIZED,HIGH,,
MAHOBA,Mahoba,,NORMALIZED,HIGH,,
MAINPURI,Mainpuri,,NORMALIZED,HIGH,,
MATHURA,Mathura,,NORMALIZED,HIGH,,
MAU,Mau,,NORMALIZED,HIGH,,
MEERUT,Meerut,,NORMALIZED,HIGH,,
MIRZAPUR,Mirzapur,,NORMALIZED,HIGH,,
MORADABAD,Moradabad,,NORMALIZED,HIGH,,
MUZAFFARNAGAR,Muzaffarnagar,,NORMALIZED,HIGH,,
PILIBHIT,Pilibhit,,NORMALIZED,HIGH,,
RAE BARELI,Rae Bareli,,NORMALIZED,HIGH,,
RAMPUR,Rampur,,NORMALIZED,HIGH,,
SAHARANPUR,Saharanpur,,NORMALIZED,HIGH,,
SAMBHAL,Ambala,,FUZZY,MEDIUM,Matched to Ambala,
SANT KABEER NAGAR,Sant Kabir Nagar,,FUZZY,MEDIUM,Matched to Sant Kabir Nagar,
SANT RAVIDAS NAGAR,Sant Ravi Das Nagar,,NORMALIZED,HIGH,,
SHAHJAHANPUR,Shahjahanpur,,NORMALIZED,HIGH,,
SHAMLI,Chamoli,,FUZZY,MEDIUM,Matched to Chamoli,
SHRAVASTI,Shravasti,,NORMALIZED,HIGH,,
SIDDHARTH NAGAR,Siddharth Nagar,,NORMALIZED,HIGH,,
SITAPUR,Sitapur,,NORMALIZED,HIGH,,
SONBHADRA,Sonbhadra,,NORMALIZED,HIGH,,
SULTANPUR,Sultanpur,,NORMALIZED,HIGH,,
UNNAO,Unnao,,NORMALIZED,HIGH,,
VARANASI,Varanasi,,NORMALIZED,HIGH,,
ALMORA,Almora,,NORMALIZED,HIGH,,
BAGESHWAR,Bageshwar,,NORMALIZED,HIGH,,
CHAMOLI,Chamoli,,NORMALIZED,HIGH,,
CHAMPAWAT,Champawat,,NORMALIZED,HIGH,,
DEHRADUN,Dehra Dun,,NORMALIZED,HIGH,,
HARIDWAR,Haridwar,,NORMALIZED,HIGH,,
NAINITAL,Naini Tal,,NORMALIZED,HIGH,,
PAURI GARHWAL,Pauri Garhwal,,NORMALIZED,HIGH,,
PITHORAGARH,Pithoragarh,,NORMALIZED,HIGH,,
RUDRA PRAYAG,Rudra Prayag,,NORMALIZED,HIGH,,
TEHRI GARHWAL,Tehri Garhwal,,NORMALIZED,HIGH,,
UDAM SINGH NAGAR,Udham Singh Nagar,,FUZZY,MEDIUM,Matched to Udham Singh Nagar,
UTTAR KASHI,Uttarkashi,,NORMALIZED,HIGH,,
24 PARAGANAS NORTH,,,UNMATCHED,NONE,Not found,
24 PARAGANAS SOUTH,,,UNMATCHED,NONE,Not found,
BANKURA,Bankura,,NORMALIZED,HIGH,,
BARDHAMAN,Barddhaman,,FUZZY,MEDIUM,Matched to Barddhaman,
BIRBHUM,Birbhum,,NORMALIZED,HIGH,,
COOCHBEHAR,Kochbihar,,FUZZY,MEDIUM,Matched to Kochbihar,
DARJEELING,Darjiling,,FUZZY,MEDIUM,Matched to Darjiling,
DINAJPUR DAKSHIN,,,UNMATCHED,NONE,Not found,
DINAJPUR UTTAR,,,UNMATCHED,NONE,Not found,
HOOGHLY,,,UNMATCHED,NONE,Not found,
HOWRAH,Haora,,FUZZY,MEDIUM,Matched to Haora,
JALPAIGURI,Jalpaiguri,,NORMALIZED,HIGH,,
MALDAH,Maldah,,NORMALIZED,HIGH,,
MEDINIPUR EAST,,,UNMATCHED,NONE,Not found,
MEDINIPUR WEST,,,UNMATCHED,NONE,Not found,
MURSHIDABAD,Murshidabad,,NORMALIZED,HIGH,,
NADIA,Nadia,,NORMALIZED,HIGH,,
PURULIA,Puruliya,,FUZZY,MEDIUM,Matched to Puruliya,
