KisanCare_Crop,Rows,Districts,States,Seasons,Years,Missing_Yield_Pct
Banana,1874,302,18,4,10,2.9
Black Gram,5971,524,26,4,11,1.6
Chickpea,4085,508,23,3,10,2.8
Cotton,2504,334,23,4,10,3.5
Grapes,12,4,1,1,3,0.0
Green Gram,6365,537,25,4,11,2.6
Groundnut,5047,447,26,4,11,1.0
Maize,8191,602,31,4,11,1.6
Mango,88,33,4,2,5,0.0
Mustard,4289,563,27,3,11,0.8
Onion,4161,438,20,4,10,0.5
Pearl Millet,2837,368,19,4,10,1.2
Pigeon Pea,4229,520,26,3,10,1.5
Potato,4116,518,25,4,11,0.4
Rice,8704,615,33,4,11,0.2
Sorghum,3709,378,20,4,10,1.5
Soybean,1792,284,20,3,11,1.4
Sugarcane,4451,563,31,4,11,1.9
Tomato,78,13,1,2,3,0.0
Wheat,4402,536,28,4,11,0.3
