Crop,Rows,Districts,Seasons,Avg_Target
Banana,1874,302,4,0.09421818968625462
Black Gram,5971,524,4,0.06130530996787154
Chickpea,4085,508,3,0.11971183607535493
Cotton,2504,334,4,0.116289639824318
Grapes,12,4,1,0.0001065222235453747
Green Gram,6365,537,4,0.08087722164883275
Groundnut,5047,447,4,0.09900751455744282
Maize,8191,602,4,0.14936766969139947
Mango,88,33,2,0.05884343438556916
Mustard,4289,563,3,0.10112750588801357
Onion,4161,438,4,0.08633518247290503
Pearl Millet,2837,368,4,0.12311049936600388
Pigeon Pea,4229,520,3,0.04162843488154887
Potato,4116,518,4,0.11333966284726109
Rice,8704,615,4,0.5477464381016479
Sorghum,3709,378,4,0.08555994635394426
Soybean,1792,284,3,0.1617463485595801
Sugarcane,4451,563,4,0.2925616249977008
Tomato,78,13,2,0.009046608859641024
Wheat,4402,536,4,0.43897849917084364
