State_Name,District_Name,State_Key,District_Key,Geo_Key
Andaman and Nicobar Islands,NICOBARS,ANDAMAN AND NICOBAR ISLANDS,NICOBARS,ANDAMAN AND NICOBAR ISLANDS|NICOBARS
Andaman and Nicobar Islands,NORTH AND MIDDLE ANDAMAN,ANDAMAN AND NICOBAR ISLANDS,NORTH AND MIDDLE ANDAMAN,ANDAMAN AND NICOBAR ISLANDS|NORTH AND MIDDLE ANDAMAN
Andaman and Nicobar Islands,SOUTH ANDAMANS,ANDAMAN AND NICOBAR ISLANDS,SOUTH ANDAMANS,ANDAMAN AND NICOBAR ISLANDS|SOUTH ANDAMANS
Andhra Pradesh,ANANTAPUR,ANDHRA PRADESH,ANANTAPUR,ANDHRA PRADESH|ANANTAPUR
Andhra Pradesh,CHITTOOR,ANDHRA PRADESH,CHITTOOR,ANDHRA PRADESH|CHITTOOR
Andhra Pradesh,EAST GODAVARI,ANDHRA PRADESH,EAST GODAVARI,ANDHRA PRADESH|EAST GODAVARI
Andhra Pradesh,GUNTUR,ANDHRA PRADESH,GUNTUR,ANDHRA PRADESH|GUNTUR
Andhra Pradesh,KADAPA,ANDHRA PRADESH,KADAPA,ANDHRA PRADESH|KADAPA
Andhra Pradesh,KRISHNA,ANDHRA PRADESH,KRISHNA,ANDHRA PRADESH|KRISHNA
Andhra Pradesh,KURNOOL,ANDHRA PRADESH,KURNOOL,ANDHRA PRADESH|KURNOOL
Andhra Pradesh,PRAKASAM,ANDHRA PRADESH,PRAKASAM,ANDHRA PRADESH|PRAKASAM
Andhra Pradesh,SPSR NELLORE,ANDHRA PRADESH,SPSR NELLORE,ANDHRA PRADESH|SPSR NELLORE
Andhra Pradesh,SRIKAKULAM,ANDHRA PRADESH,SRIKAKULAM,ANDHRA PRADESH|SRIKAKULAM
Andhra Pradesh,VISAKHAPATANAM,ANDHRA PRADESH,VISAKHAPATANAM,ANDHRA PRADESH|VISAKHAPATANAM
Andhra Pradesh,VIZIANAGARAM,ANDHRA PRADESH,VIZIANAGARAM,ANDHRA PRADESH|VIZIANAGARAM
Andhra Pradesh,WEST GODAVARI,ANDHRA PRADESH,WEST GODAVARI,ANDHRA PRADESH|WEST GODAVARI
Arunachal Pradesh,ANJAW,ARUNACHAL PRADESH,ANJAW,ARUNACHAL PRADESH|ANJAW
Arunachal Pradesh,CHANGLANG,ARUNACHAL PRADESH,CHANGLANG,ARUNACHAL PRADESH|CHANGLANG
Arunachal Pradesh,DIBANG VALLEY,ARUNACHAL PRADESH,DIBANG VALLEY,ARUNACHAL PRADESH|DIBANG VALLEY
Arunachal Pradesh,EAST KAMENG,ARUNACHAL PRADESH,EAST KAMENG,ARUNACHAL PRADESH|EAST KAMENG
Arunachal Pradesh,EAST SIANG,ARUNACHAL PRADESH,EAST SIANG,ARUNACHAL PRADESH|EAST SIANG
Arunachal Pradesh,KURUNG KUMEY,ARUNACHAL PRADESH,KURUNG KUMEY,ARUNACHAL PRADESH|KURUNG KUMEY
Arunachal Pradesh,LOHIT,ARUNACHAL PRADESH,LOHIT,ARUNACHAL PRADESH|LOHIT
Arunachal Pradesh,LONGDING,ARUNACHAL PRADESH,LONGDING,ARUNACHAL PRADESH|LONGDING
Arunachal Pradesh,LOWER DIBANG VALLEY,ARUNACHAL PRADESH,LOWER DIBANG VALLEY,ARUNACHAL PRADESH|LOWER DIBANG VALLEY
Arunachal Pradesh,LOWER SUBANSIRI,ARUNACHAL PRADESH,LOWER SUBANSIRI,ARUNACHAL PRADESH|LOWER SUBANSIRI
Arunachal Pradesh,NAMSAI,ARUNACHAL PRADESH,NAMSAI,ARUNACHAL PRADESH|NAMSAI
Arunachal Pradesh,PAPUM PARE,ARUNACHAL PRADESH,PAPUM PARE,ARUNACHAL PRADESH|PAPUM PARE
Arunachal Pradesh,TAWANG,ARUNACHAL PRADESH,TAWANG,ARUNACHAL PRADESH|TAWANG
Arunachal Pradesh,TIRAP,ARUNACHAL PRADESH,TIRAP,ARUNACHAL PRADESH|TIRAP
Arunachal Pradesh,UPPER SIANG,ARUNACHAL PRADESH,UPPER SIANG,ARUNACHAL PRADESH|UPPER SIANG
Arunachal Pradesh,UPPER SUBANSIRI,ARUNACHAL PRADESH,UPPER SUBANSIRI,ARUNACHAL PRADESH|UPPER SUBANSIRI
Arunachal Pradesh,WEST KAMENG,ARUNACHAL PRADESH,WEST KAMENG,ARUNACHAL PRADESH|WEST KAMENG
Arunachal Pradesh,WEST SIANG,ARUNACHAL PRADESH,WEST SIANG,ARUNACHAL PRADESH|WEST SIANG
Assam,BAKSA,ASSAM,BAKSA,ASSAM|BAKSA
Assam,BARPETA,ASSAM,BARPETA,ASSAM|BARPETA
Assam,BONGAIGAON,ASSAM,BONGAIGAON,ASSAM|BONGAIGAON
Assam,CACHAR,ASSAM,CACHAR,ASSAM|CACHAR
Assam,CHIRANG,ASSAM,CHIRANG,ASSAM|CHIRANG
Assam,DARRANG,ASSAM,DARRANG,ASSAM|DARRANG
Assam,DHEMAJI,ASSAM,DHEMAJI,ASSAM|DHEMAJI
Assam,DHUBRI,ASSAM,DHUBRI,ASSAM|DHUBRI
Assam,DIBRUGARH,ASSAM,DIBRUGARH,ASSAM|DIBRUGARH
Assam,DIMA HASAO,ASSAM,DIMA HASAO,ASSAM|DIMA HASAO
Assam,GOALPARA,ASSAM,GOALPARA,ASSAM|GOALPARA
Assam,GOLAGHAT,ASSAM,GOLAGHAT,ASSAM|GOLAGHAT
Assam,HAILAKANDI,ASSAM,HAILAKANDI,ASSAM|HAILAKANDI
Assam,JORHAT,ASSAM,JORHAT,ASSAM|JORHAT
Assam,KAMRUP,ASSAM,KAMRUP,ASSAM|KAMRUP
Assam,KAMRUP METRO,ASSAM,KAMRUP METRO,ASSAM|KAMRUP METRO
Assam,KARBI ANGLONG,ASSAM,KARBI ANGLONG,ASSAM|KARBI ANGLONG
Assam,KARIMGANJ,ASSAM,KARIMGANJ,ASSAM|KARIMGANJ
Assam,KOKRAJHAR,ASSAM,KOKRAJHAR,ASSAM|KOKRAJHAR
Assam,LAKHIMPUR,ASSAM,LAKHIMPUR,ASSAM|LAKHIMPUR
Assam,MARIGAON,ASSAM,MARIGAON,ASSAM|MARIGAON
Assam,NAGAON,ASSAM,NAGAON,ASSAM|NAGAON
Assam,NALBARI,ASSAM,NALBARI,ASSAM|NALBARI
Assam,SIVASAGAR,ASSAM,SIVASAGAR,ASSAM|SIVASAGAR
Assam,SONITPUR,ASSAM,SONITPUR,ASSAM|SONITPUR
Assam,TINSUKIA,ASSAM,TINSUKIA,ASSAM|TINSUKIA
Assam,UDALGURI,ASSAM,UDALGURI,ASSAM|UDALGURI
Bihar,ARARIA,BIHAR,ARARIA,BIHAR|ARARIA
Bihar,ARWAL,BIHAR,ARWAL,BIHAR|ARWAL
Bihar,AURANGABAD,BIHAR,AURANGABAD,BIHAR|AURANGABAD
Bihar,BANKA,BIHAR,BANKA,BIHAR|BANKA
Bihar,BEGUSARAI,BIHAR,BEGUSARAI,BIHAR|BEGUSARAI
Bihar,BHAGALPUR,BIHAR,BHAGALPUR,BIHAR|BHAGALPUR
Bihar,BHOJPUR,BIHAR,BHOJPUR,BIHAR|BHOJPUR
Bihar,BUXAR,BIHAR,BUXAR,BIHAR|BUXAR
Bihar,DARBHANGA,BIHAR,DARBHANGA,BIHAR|DARBHANGA
Bihar,GAYA,BIHAR,GAYA,BIHAR|GAYA
Bihar,GOPALGANJ,BIHAR,GOPALGANJ,BIHAR|GOPALGANJ
Bihar,JAMUI,BIHAR,JAMUI,BIHAR|JAMUI
Bihar,JEHANABAD,BIHAR,JEHANABAD,BIHAR|JEHANABAD
Bihar,KAIMUR (BHABUA),BIHAR,KAIMUR (BHABUA),BIHAR|KAIMUR (BHABUA)
Bihar,KATIHAR,BIHAR,KATIHAR,BIHAR|KATIHAR
Bihar,KHAGARIA,BIHAR,KHAGARIA,BIHAR|KHAGARIA
Bihar,KISHANGANJ,BIHAR,KISHANGANJ,BIHAR|KISHANGANJ
Bihar,LAKHISARAI,BIHAR,LAKHISARAI,BIHAR|LAKHISARAI
Bihar,MADHEPURA,BIHAR,MADHEPURA,BIHAR|MADHEPURA
Bihar,MADHUBANI,BIHAR,MADHUBANI,BIHAR|MADHUBANI
Bihar,MUNGER,BIHAR,MUNGER,BIHAR|MUNGER
Bihar,MUZAFFARPUR,BIHAR,MUZAFFARPUR,BIHAR|MUZAFFARPUR
Bihar,NALANDA,BIHAR,NALANDA,BIHAR|NALANDA
Bihar,NAWADA,BIHAR,NAWADA,BIHAR|NAWADA
Bihar,PASHCHIM CHAMPARAN,BIHAR,PASHCHIM CHAMPARAN,BIHAR|PASHCHIM CHAMPARAN
Bihar,PATNA,BIHAR,PATNA,BIHAR|PATNA
Bihar,PURBI CHAMPARAN,BIHAR,PURBI CHAMPARAN,BIHAR|PURBI CHAMPARAN
Bihar,PURNIA,BIHAR,PURNIA,BIHAR|PURNIA
Bihar,ROHTAS,BIHAR,ROHTAS,BIHAR|ROHTAS
Bihar,SAHARSA,BIHAR,SAHARSA,BIHAR|SAHARSA
Bihar,SAMASTIPUR,BIHAR,SAMASTIPUR,BIHAR|SAMASTIPUR
Bihar,SARAN,BIHAR,SARAN,BIHAR|SARAN
Bihar,SHEIKHPURA,BIHAR,SHEIKHPURA,BIHAR|SHEIKHPURA
Bihar,SHEOHAR,BIHAR,SHEOHAR,BIHAR|SHEOHAR
Bihar,SITAMARHI,BIHAR,SITAMARHI,BIHAR|SITAMARHI
Bihar,SIWAN,BIHAR,SIWAN,BIHAR|SIWAN
Bihar,SUPAUL,BIHAR,SUPAUL,BIHAR|SUPAUL
Bihar,VAISHALI,BIHAR,VAISHALI,BIHAR|VAISHALI
Chandigarh,CHANDIGARH,CHANDIGARH,CHANDIGARH,CHANDIGARH|CHANDIGARH
Chhattisgarh,BALOD,CHHATTISGARH,BALOD,CHHATTISGARH|BALOD
Chhattisgarh,BALODA BAZAR,CHHATTISGARH,BALODA BAZAR,CHHATTISGARH|BALODA BAZAR
Chhattisgarh,BALRAMPUR,CHHATTISGARH,BALRAMPUR,CHHATTISGARH|BALRAMPUR
Chhattisgarh,BASTAR,CHHATTISGARH,BASTAR,CHHATTISGARH|BASTAR
Chhattisgarh,BEMETARA,CHHATTISGARH,BEMETARA,CHHATTISGARH|BEMETARA
Chhattisgarh,BIJAPUR,CHHATTISGARH,BIJAPUR,CHHATTISGARH|BIJAPUR
Chhattisgarh,BILASPUR,CHHATTISGARH,BILASPUR,CHHATTISGARH|BILASPUR
Chhattisgarh,DANTEWADA,CHHATTISGARH,DANTEWADA,CHHATTISGARH|DANTEWADA
Chhattisgarh,DHAMTARI,CHHATTISGARH,DHAMTARI,CHHATTISGARH|DHAMTARI
Chhattisgarh,DURG,CHHATTISGARH,DURG,CHHATTISGARH|DURG
Chhattisgarh,GARIYABAND,CHHATTISGARH,GARIYABAND,CHHATTISGARH|GARIYABAND
Chhattisgarh,JANJGIR-CHAMPA,CHHATTISGARH,JANJGIR-CHAMPA,CHHATTISGARH|JANJGIR-CHAMPA
Chhattisgarh,JASHPUR,CHHATTISGARH,JASHPUR,CHHATTISGARH|JASHPUR
Chhattisgarh,KABIRDHAM,CHHATTISGARH,KABIRDHAM,CHHATTISGARH|KABIRDHAM
Chhattisgarh,KANKER,CHHATTISGARH,KANKER,CHHATTISGARH|KANKER
Chhattisgarh,KONDAGAON,CHHATTISGARH,KONDAGAON,CHHATTISGARH|KONDAGAON
Chhattisgarh,KORBA,CHHATTISGARH,KORBA,CHHATTISGARH|KORBA
Chhattisgarh,KOREA,CHHATTISGARH,KOREA,CHHATTISGARH|KOREA
Chhattisgarh,MAHASAMUND,CHHATTISGARH,MAHASAMUND,CHHATTISGARH|MAHASAMUND
Chhattisgarh,MUNGELI,CHHATTISGARH,MUNGELI,CHHATTISGARH|MUNGELI
Chhattisgarh,NARAYANPUR,CHHATTISGARH,NARAYANPUR,CHHATTISGARH|NARAYANPUR
Chhattisgarh,RAIGARH,CHHATTISGARH,RAIGARH,CHHATTISGARH|RAIGARH
Chhattisgarh,RAIPUR,CHHATTISGARH,RAIPUR,CHHATTISGARH|RAIPUR
Chhattisgarh,RAJNANDGAON,CHHATTISGARH,RAJNANDGAON,CHHATTISGARH|RAJNANDGAON
Chhattisgarh,SUKMA,CHHATTISGARH,SUKMA,CHHATTISGARH|SUKMA
Chhattisgarh,SURAJPUR,CHHATTISGARH,SURAJPUR,CHHATTISGARH|SURAJPUR
Chhattisgarh,SURGUJA,CHHATTISGARH,SURGUJA,CHHATTISGARH|SURGUJA
Dadra and Nagar Haveli,DADRA AND NAGAR HAVELI,DADRA AND NAGAR HAVELI,DADRA AND NAGAR HAVELI,DADRA AND NAGAR HAVELI|DADRA AND NAGAR HAVELI
Goa,NORTH GOA,GOA,NORTH GOA,GOA|NORTH GOA
Goa,SOUTH GOA,GOA,SOUTH GOA,GOA|SOUTH GOA
Gujarat,AHMADABAD,GUJARAT,AHMADABAD,GUJARAT|AHMADABAD
Gujarat,AMRELI,GUJARAT,AMRELI,GUJARAT|AMRELI
Gujarat,ANAND,GUJARAT,ANAND,GUJARAT|ANAND
Gujarat,BANAS KANTHA,GUJARAT,BANAS KANTHA,GUJARAT|BANAS KANTHA
Gujarat,BHARUCH,GUJARAT,BHARUCH,GUJARAT|BHARUCH
Gujarat,BHAVNAGAR,GUJARAT,BHAVNAGAR,GUJARAT|BHAVNAGAR
Gujarat,DANG,GUJARAT,DANG,GUJARAT|DANG
Gujarat,DOHAD,GUJARAT,DOHAD,GUJARAT|DOHAD
Gujarat,GANDHINAGAR,GUJARAT,GANDHINAGAR,GUJARAT|GANDHINAGAR
Gujarat,JAMNAGAR,GUJARAT,JAMNAGAR,GUJARAT|JAMNAGAR
Gujarat,JUNAGADH,GUJARAT,JUNAGADH,GUJARAT|JUNAGADH
Gujarat,KACHCHH,GUJARAT,KACHCHH,GUJARAT|KACHCHH
Gujarat,KHEDA,GUJARAT,KHEDA,GUJARAT|KHEDA
Gujarat,MAHESANA,GUJARAT,MAHESANA,GUJARAT|MAHESANA
Gujarat,NARMADA,GUJARAT,NARMADA,GUJARAT|NARMADA
Gujarat,NAVSARI,GUJARAT,NAVSARI,GUJARAT|NAVSARI
Gujarat,PANCH MAHALS,GUJARAT,PANCH MAHALS,GUJARAT|PANCH MAHALS
Gujarat,PATAN,GUJARAT,PATAN,GUJARAT|PATAN
Gujarat,PORBANDAR,GUJARAT,PORBANDAR,GUJARAT|PORBANDAR
Gujarat,RAJKOT,GUJARAT,RAJKOT,GUJARAT|RAJKOT
Gujarat,SABAR KANTHA,GUJARAT,SABAR KANTHA,GUJARAT|SABAR KANTHA
Gujarat,SURAT,GUJARAT,SURAT,GUJARAT|SURAT
Gujarat,SURENDRANAGAR,GUJARAT,SURENDRANAGAR,GUJARAT|SURENDRANAGAR
Gujarat,TAPI,GUJARAT,TAPI,GUJARAT|TAPI
Gujarat,VADODARA,GUJARAT,VADODARA,GUJARAT|VADODARA
Gujarat,VALSAD,GUJARAT,VALSAD,GUJARAT|VALSAD
Haryana,AMBALA,HARYANA,AMBALA,HARYANA|AMBALA
Haryana,BHIWANI,HARYANA,BHIWANI,HARYANA|BHIWANI
Haryana,FARIDABAD,HARYANA,FARIDABAD,HARYANA|FARIDABAD
Haryana,FATEHABAD,HARYANA,FATEHABAD,HARYANA|FATEHABAD
Haryana,GURGAON,HARYANA,GURGAON,HARYANA|GURGAON
Haryana,HISAR,HARYANA,HISAR,HARYANA|HISAR
Haryana,JHAJJAR,HARYANA,JHAJJAR,HARYANA|JHAJJAR
Haryana,JIND,HARYANA,JIND,HARYANA|JIND
Haryana,KAITHAL,HARYANA,KAITHAL,HARYANA|KAITHAL
Haryana,KARNAL,HARYANA,KARNAL,HARYANA|KARNAL
Haryana,KURUKSHETRA,HARYANA,KURUKSHETRA,HARYANA|KURUKSHETRA
Haryana,MAHENDRAGARH,HARYANA,MAHENDRAGARH,HARYANA|MAHENDRAGARH
Haryana,MEWAT,HARYANA,MEWAT,HARYANA|MEWAT
Haryana,PALWAL,HARYANA,PALWAL,HARYANA|PALWAL
Haryana,PANCHKULA,HARYANA,PANCHKULA,HARYANA|PANCHKULA
Haryana,PANIPAT,HARYANA,PANIPAT,HARYANA|PANIPAT
Haryana,REWARI,HARYANA,REWARI,HARYANA|REWARI
Haryana,ROHTAK,HARYANA,ROHTAK,HARYANA|ROHTAK
Haryana,SIRSA,HARYANA,SIRSA,HARYANA|SIRSA
Haryana,SONIPAT,HARYANA,SONIPAT,HARYANA|SONIPAT
Haryana,YAMUNANAGAR,HARYANA,YAMUNANAGAR,HARYANA|YAMUNANAGAR
Himachal Pradesh,BILASPUR,HIMACHAL PRADESH,BILASPUR,HIMACHAL PRADESH|BILASPUR
Himachal Pradesh,CHAMBA,HIMACHAL PRADESH,CHAMBA,HIMACHAL PRADESH|CHAMBA
Himachal Pradesh,HAMIRPUR,HIMACHAL PRADESH,HAMIRPUR,HIMACHAL PRADESH|HAMIRPUR
Himachal Pradesh,KANGRA,HIMACHAL PRADESH,KANGRA,HIMACHAL PRADESH|KANGRA
Himachal Pradesh,KINNAUR,HIMACHAL PRADESH,KINNAUR,HIMACHAL PRADESH|KINNAUR
Himachal Pradesh,KULLU,HIMACHAL PRADESH,KULLU,HIMACHAL PRADESH|KULLU
Himachal Pradesh,LAHUL AND SPITI,HIMACHAL PRADESH,LAHUL AND SPITI,HIMACHAL PRADESH|LAHUL AND SPITI
Himachal Pradesh,MANDI,HIMACHAL PRADESH,MANDI,HIMACHAL PRADESH|MANDI
Himachal Pradesh,SHIMLA,HIMACHAL PRADESH,SHIMLA,HIMACHAL PRADESH|SHIMLA
Himachal Pradesh,SIRMAUR,HIMACHAL PRADESH,SIRMAUR,HIMACHAL PRADESH|SIRMAUR
Himachal Pradesh,SOLAN,HIMACHAL PRADESH,SOLAN,HIMACHAL PRADESH|SOLAN
Himachal Pradesh,UNA,HIMACHAL PRADESH,UNA,HIMACHAL PRADESH|UNA
Jammu and Kashmir,ANANTNAG,JAMMU AND KASHMIR,ANANTNAG,JAMMU AND KASHMIR|ANANTNAG
Jammu and Kashmir,BADGAM,JAMMU AND KASHMIR,BADGAM,JAMMU AND KASHMIR|BADGAM
Jammu and Kashmir,BANDIPORA,JAMMU AND KASHMIR,BANDIPORA,JAMMU AND KASHMIR|BANDIPORA
Jammu and Kashmir,BARAMULLA,JAMMU AND KASHMIR,BARAMULLA,JAMMU AND KASHMIR|BARAMULLA
Jammu and Kashmir,DODA,JAMMU AND KASHMIR,DODA,JAMMU AND KASHMIR|DODA
Jammu and Kashmir,GANDERBAL,JAMMU AND KASHMIR,GANDERBAL,JAMMU AND KASHMIR|GANDERBAL
Jammu and Kashmir,JAMMU,JAMMU AND KASHMIR,JAMMU,JAMMU AND KASHMIR|JAMMU
Jammu and Kashmir,KARGIL,JAMMU AND KASHMIR,KARGIL,JAMMU AND KASHMIR|KARGIL
Jammu and Kashmir,KATHUA,JAMMU AND KASHMIR,KATHUA,JAMMU AND KASHMIR|KATHUA
Jammu and Kashmir,KISHTWAR,JAMMU AND KASHMIR,KISHTWAR,JAMMU AND KASHMIR|KISHTWAR
Jammu and Kashmir,KULGAM,JAMMU AND KASHMIR,KULGAM,JAMMU AND KASHMIR|KULGAM
Jammu and Kashmir,KUPWARA,JAMMU AND KASHMIR,KUPWARA,JAMMU AND KASHMIR|KUPWARA
Jammu and Kashmir,LEH LADAKH,JAMMU AND KASHMIR,LEH LADAKH,JAMMU AND KASHMIR|LEH LADAKH
Jammu and Kashmir,POONCH,JAMMU AND KASHMIR,POONCH,JAMMU AND KASHMIR|POONCH
Jammu and Kashmir,PULWAMA,JAMMU AND KASHMIR,PULWAMA,JAMMU AND KASHMIR|PULWAMA
Jammu and Kashmir,RAJAURI,JAMMU AND KASHMIR,RAJAURI,JAMMU AND KASHMIR|RAJAURI
Jammu and Kashmir,RAMBAN,JAMMU AND KASHMIR,RAMBAN,JAMMU AND KASHMIR|RAMBAN
Jammu and Kashmir,REASI,JAMMU AND KASHMIR,REASI,JAMMU AND KASHMIR|REASI
Jammu and Kashmir,SAMBA,JAMMU AND KASHMIR,SAMBA,JAMMU AND KASHMIR|SAMBA
Jammu and Kashmir,SHOPIAN,JAMMU AND KASHMIR,SHOPIAN,JAMMU AND KASHMIR|SHOPIAN
Jammu and Kashmir,SRINAGAR,JAMMU AND KASHMIR,SRINAGAR,JAMMU AND KASHMIR|SRINAGAR
Jammu and Kashmir,UDHAMPUR,JAMMU AND KASHMIR,UDHAMPUR,JAMMU AND KASHMIR|UDHAMPUR
Jharkhand,BOKARO,JHARKHAND,BOKARO,JHARKHAND|BOKARO
Jharkhand,CHATRA,JHARKHAND,CHATRA,JHARKHAND|CHATRA
Jharkhand,DEOGHAR,JHARKHAND,DEOGHAR,JHARKHAND|DEOGHAR
Jharkhand,DHANBAD,JHARKHAND,DHANBAD,JHARKHAND|DHANBAD
Jharkhand,DUMKA,JHARKHAND,DUMKA,JHARKHAND|DUMKA
Jharkhand,EAST SINGHBUM,JHARKHAND,EAST SINGHBUM,JHARKHAND|EAST SINGHBUM
Jharkhand,GARHWA,JHARKHAND,GARHWA,JHARKHAND|GARHWA
Jharkhand,GIRIDIH,JHARKHAND,GIRIDIH,JHARKHAND|GIRIDIH
Jharkhand,GODDA,JHARKHAND,GODDA,JHARKHAND|GODDA
Jharkhand,GUMLA,JHARKHAND,GUMLA,JHARKHAND|GUMLA
Jharkhand,HAZARIBAGH,JHARKHAND,HAZARIBAGH,JHARKHAND|HAZARIBAGH
Jharkhand,JAMTARA,JHARKHAND,JAMTARA,JHARKHAND|JAMTARA
Jharkhand,KHUNTI,JHARKHAND,KHUNTI,JHARKHAND|KHUNTI
Jharkhand,KODERMA,JHARKHAND,KODERMA,JHARKHAND|KODERMA
Jharkhand,LATEHAR,JHARKHAND,LATEHAR,JHARKHAND|LATEHAR
Jharkhand,LOHARDAGA,JHARKHAND,LOHARDAGA,JHARKHAND|LOHARDAGA
Jharkhand,PAKUR,JHARKHAND,PAKUR,JHARKHAND|PAKUR
Jharkhand,PALAMU,JHARKHAND,PALAMU,JHARKHAND|PALAMU
Jharkhand,RAMGARH,JHARKHAND,RAMGARH,JHARKHAND|RAMGARH
Jharkhand,RANCHI,JHARKHAND,RANCHI,JHARKHAND|RANCHI
Jharkhand,SAHEBGANJ,JHARKHAND,SAHEBGANJ,JHARKHAND|SAHEBGANJ
Jharkhand,SARAIKELA KHARSAWAN,JHARKHAND,SARAIKELA KHARSAWAN,JHARKHAND|SARAIKELA KHARSAWAN
Jharkhand,SIMDEGA,JHARKHAND,SIMDEGA,JHARKHAND|SIMDEGA
Jharkhand,WEST SINGHBHUM,JHARKHAND,WEST SINGHBHUM,JHARKHAND|WEST SINGHBHUM
Karnataka,BAGALKOT,KARNATAKA,BAGALKOT,KARNATAKA|BAGALKOT
Karnataka,BANGALORE RURAL,KARNATAKA,BANGALORE RURAL,KARNATAKA|BANGALORE RURAL
Karnataka,BELGAUM,KARNATAKA,BELGAUM,KARNATAKA|BELGAUM
Karnataka,BELLARY,KARNATAKA,BELLARY,KARNATAKA|BELLARY
Karnataka,BENGALURU URBAN,KARNATAKA,BENGALURU URBAN,KARNATAKA|BENGALURU URBAN
Karnataka,BIDAR,KARNATAKA,BIDAR,KARNATAKA|BIDAR
Karnataka,BIJAPUR,KARNATAKA,BIJAPUR,KARNATAKA|BIJAPUR
Karnataka,CHAMARAJANAGAR,KARNATAKA,CHAMARAJANAGAR,KARNATAKA|CHAMARAJANAGAR
Karnataka,CHIKBALLAPUR,KARNATAKA,CHIKBALLAPUR,KARNATAKA|CHIKBALLAPUR
Karnataka,CHIKMAGALUR,KARNATAKA,CHIKMAGALUR,KARNATAKA|CHIKMAGALUR
Karnataka,CHITRADURGA,KARNATAKA,CHITRADURGA,KARNATAKA|CHITRADURGA
Karnataka,DAKSHIN KANNAD,KARNATAKA,DAKSHIN KANNAD,KARNATAKA|DAKSHIN KANNAD
Karnataka,DAVANGERE,KARNATAKA,DAVANGERE,KARNATAKA|DAVANGERE
Karnataka,DHARWAD,KARNATAKA,DHARWAD,KARNATAKA|DHARWAD
Karnataka,GADAG,KARNATAKA,GADAG,KARNATAKA|GADAG
Karnataka,GULBARGA,KARNATAKA,GULBARGA,KARNATAKA|GULBARGA
Karnataka,HASSAN,KARNATAKA,HASSAN,KARNATAKA|HASSAN
Karnataka,HAVERI,KARNATAKA,HAVERI,KARNATAKA|HAVERI
Karnataka,KODAGU,KARNATAKA,KODAGU,KARNATAKA|KODAGU
Karnataka,KOLAR,KARNATAKA,KOLAR,KARNATAKA|KOLAR
Karnataka,KOPPAL,KARNATAKA,KOPPAL,KARNATAKA|KOPPAL
Karnataka,MANDYA,KARNATAKA,MANDYA,KARNATAKA|MANDYA
Karnataka,MYSORE,KARNATAKA,MYSORE,KARNATAKA|MYSORE
Karnataka,RAICHUR,KARNATAKA,RAICHUR,KARNATAKA|RAICHUR
Karnataka,RAMANAGARA,KARNATAKA,RAMANAGARA,KARNATAKA|RAMANAGARA
Karnataka,SHIMOGA,KARNATAKA,SHIMOGA,KARNATAKA|SHIMOGA
Karnataka,TUMKUR,KARNATAKA,TUMKUR,KARNATAKA|TUMKUR
Karnataka,UDUPI,KARNATAKA,UDUPI,KARNATAKA|UDUPI
Karnataka,UTTAR KANNAD,KARNATAKA,UTTAR KANNAD,KARNATAKA|UTTAR KANNAD
Karnataka,YADGIR,KARNATAKA,YADGIR,KARNATAKA|YADGIR
Kerala,ALAPPUZHA,KERALA,ALAPPUZHA,KERALA|ALAPPUZHA
Kerala,ERNAKULAM,KERALA,ERNAKULAM,KERALA|ERNAKULAM
Kerala,IDUKKI,KERALA,IDUKKI,KERALA|IDUKKI
Kerala,KANNUR,KERALA,KANNUR,KERALA|KANNUR
Kerala,KASARAGOD,KERALA,KASARAGOD,KERALA|KASARAGOD
Kerala,KOLLAM,KERALA,KOLLAM,KERALA|KOLLAM
Kerala,KOTTAYAM,KERALA,KOTTAYAM,KERALA|KOTTAYAM
Kerala,KOZHIKODE,KERALA,KOZHIKODE,KERALA|KOZHIKODE
Kerala,MALAPPURAM,KERALA,MALAPPURAM,KERALA|MALAPPURAM
Kerala,PALAKKAD,KERALA,PALAKKAD,KERALA|PALAKKAD
Kerala,PATHANAMTHITTA,KERALA,PATHANAMTHITTA,KERALA|PATHANAMTHITTA
Kerala,THIRUVANANTHAPURAM,KERALA,THIRUVANANTHAPURAM,KERALA|THIRUVANANTHAPURAM
Kerala,THRISSUR,KERALA,THRISSUR,KERALA|THRISSUR
Kerala,WAYANAD,KERALA,WAYANAD,KERALA|WAYANAD
Madhya Pradesh,AGAR MALWA,MADHYA PRADESH,AGAR MALWA,MADHYA PRADESH|AGAR MALWA
Madhya Pradesh,ALIRAJPUR,MADHYA PRADESH,ALIRAJPUR,MADHYA PRADESH|ALIRAJPUR
Madhya Pradesh,ANUPPUR,MADHYA PRADESH,ANUPPUR,MADHYA PRADESH|ANUPPUR
Madhya Pradesh,ASHOKNAGAR,MADHYA PRADESH,ASHOKNAGAR,MADHYA PRADESH|ASHOKNAGAR
Madhya Pradesh,BALAGHAT,MADHYA PRADESH,BALAGHAT,MADHYA PRADESH|BALAGHAT
Madhya Pradesh,BARWANI,MADHYA PRADESH,BARWANI,MADHYA PRADESH|BARWANI
Madhya Pradesh,BETUL,MADHYA PRADESH,BETUL,MADHYA PRADESH|BETUL
Madhya Pradesh,BHIND,MADHYA PRADESH,BHIND,MADHYA PRADESH|BHIND
Madhya Pradesh,BHOPAL,MADHYA PRADESH,BHOPAL,MADHYA PRADESH|BHOPAL
Madhya Pradesh,BURHANPUR,MADHYA PRADESH,BURHANPUR,MADHYA PRADESH|BURHANPUR
Madhya Pradesh,CHHATARPUR,MADHYA PRADESH,CHHATARPUR,MADHYA PRADESH|CHHATARPUR
Madhya Pradesh,CHHINDWARA,MADHYA PRADESH,CHHINDWARA,MADHYA PRADESH|CHHINDWARA
Madhya Pradesh,DAMOH,MADHYA PRADESH,DAMOH,MADHYA PRADESH|DAMOH
Madhya Pradesh,DATIA,MADHYA PRADESH,DATIA,MADHYA PRADESH|DATIA
Madhya Pradesh,DEWAS,MADHYA PRADESH,DEWAS,MADHYA PRADESH|DEWAS
Madhya Pradesh,DHAR,MADHYA PRADESH,DHAR,MADHYA PRADESH|DHAR
Madhya Pradesh,DINDORI,MADHYA PRADESH,DINDORI,MADHYA PRADESH|DINDORI
Madhya Pradesh,GUNA,MADHYA PRADESH,GUNA,MADHYA PRADESH|GUNA
Madhya Pradesh,GWALIOR,MADHYA PRADESH,GWALIOR,MADHYA PRADESH|GWALIOR
Madhya Pradesh,HARDA,MADHYA PRADESH,HARDA,MADHYA PRADESH|HARDA
Madhya Pradesh,HOSHANGABAD,MADHYA PRADESH,HOSHANGABAD,MADHYA PRADESH|HOSHANGABAD
Madhya Pradesh,INDORE,MADHYA PRADESH,INDORE,MADHYA PRADESH|INDORE
Madhya Pradesh,JABALPUR,MADHYA PRADESH,JABALPUR,MADHYA PRADESH|JABALPUR
Madhya Pradesh,JHABUA,MADHYA PRADESH,JHABUA,MADHYA PRADESH|JHABUA
Madhya Pradesh,KATNI,MADHYA PRADESH,KATNI,MADHYA PRADESH|KATNI
Madhya Pradesh,KHANDWA,MADHYA PRADESH,KHANDWA,MADHYA PRADESH|KHANDWA
Madhya Pradesh,KHARGONE,MADHYA PRADESH,KHARGONE,MADHYA PRADESH|KHARGONE
Madhya Pradesh,MANDLA,MADHYA PRADESH,MANDLA,MADHYA PRADESH|MANDLA
Madhya Pradesh,MANDSAUR,MADHYA PRADESH,MANDSAUR,MADHYA PRADESH|MANDSAUR
Madhya Pradesh,MORENA,MADHYA PRADESH,MORENA,MADHYA PRADESH|MORENA
Madhya Pradesh,NARSINGHPUR,MADHYA PRADESH,NARSINGHPUR,MADHYA PRADESH|NARSINGHPUR
Madhya Pradesh,NEEMUCH,MADHYA PRADESH,NEEMUCH,MADHYA PRADESH|NEEMUCH
Madhya Pradesh,PANNA,MADHYA PRADESH,PANNA,MADHYA PRADESH|PANNA
Madhya Pradesh,RAISEN,MADHYA PRADESH,RAISEN,MADHYA PRADESH|RAISEN
Madhya Pradesh,RAJGARH,MADHYA PRADESH,RAJGARH,MADHYA PRADESH|RAJGARH
Madhya Pradesh,RATLAM,MADHYA PRADESH,RATLAM,MADHYA PRADESH|RATLAM
Madhya Pradesh,REWA,MADHYA PRADESH,REWA,MADHYA PRADESH|REWA
Madhya Pradesh,SAGAR,MADHYA PRADESH,SAGAR,MADHYA PRADESH|SAGAR
Madhya Pradesh,SATNA,MADHYA PRADESH,SATNA,MADHYA PRADESH|SATNA
Madhya Pradesh,SEHORE,MADHYA PRADESH,SEHORE,MADHYA PRADESH|SEHORE
Madhya Pradesh,SEONI,MADHYA PRADESH,SEONI,MADHYA PRADESH|SEONI
Madhya Pradesh,SHAHDOL,MADHYA PRADESH,SHAHDOL,MADHYA PRADESH|SHAHDOL
Madhya Pradesh,SHAJAPUR,MADHYA PRADESH,SHAJAPUR,MADHYA PRADESH|SHAJAPUR
Madhya Pradesh,SHEOPUR,MADHYA PRADESH,SHEOPUR,MADHYA PRADESH|SHEOPUR
Madhya Pradesh,SHIVPURI,MADHYA PRADESH,SHIVPURI,MADHYA PRADESH|SHIVPURI
Madhya Pradesh,SIDHI,MADHYA PRADESH,SIDHI,MADHYA PRADESH|SIDHI
Madhya Pradesh,SINGRAULI,MADHYA PRADESH,SINGRAULI,MADHYA PRADESH|SINGRAULI
Madhya Pradesh,TIKAMGARH,MADHYA PRADESH,TIKAMGARH,MADHYA PRADESH|TIKAMGARH
Madhya Pradesh,UJJAIN,MADHYA PRADESH,UJJAIN,MADHYA PRADESH|UJJAIN
Madhya Pradesh,UMARIA,MADHYA PRADESH,UMARIA,MADHYA PRADESH|UMARIA
Madhya Pradesh,VIDISHA,MADHYA PRADESH,VIDISHA,MADHYA PRADESH|VIDISHA
Maharashtra,AHMEDNAGAR,MAHARASHTRA,AHMEDNAGAR,MAHARASHTRA|AHMEDNAGAR
Maharashtra,AKOLA,MAHARASHTRA,AKOLA,MAHARASHTRA|AKOLA
Maharashtra,AMRAVATI,MAHARASHTRA,AMRAVATI,MAHARASHTRA|AMRAVATI
Maharashtra,AURANGABAD,MAHARASHTRA,AURANGABAD,MAHARASHTRA|AURANGABAD
Maharashtra,BEED,MAHARASHTRA,BEED,MAHARASHTRA|BEED
Maharashtra,BHANDARA,MAHARASHTRA,BHANDARA,MAHARASHTRA|BHANDARA
Maharashtra,BULDHANA,MAHARASHTRA,BULDHANA,MAHARASHTRA|BULDHANA
Maharashtra,CHANDRAPUR,MAHARASHTRA,CHANDRAPUR,MAHARASHTRA|CHANDRAPUR
Maharashtra,DHULE,MAHARASHTRA,DHULE,MAHARASHTRA|DHULE
Maharashtra,GADCHIROLI,MAHARASHTRA,GADCHIROLI,MAHARASHTRA|GADCHIROLI
Maharashtra,GONDIA,MAHARASHTRA,GONDIA,MAHARASHTRA|GONDIA
Maharashtra,HINGOLI,MAHARASHTRA,HINGOLI,MAHARASHTRA|HINGOLI
Maharashtra,JALGAON,MAHARASHTRA,JALGAON,MAHARASHTRA|JALGAON
Maharashtra,JALNA,MAHARASHTRA,JALNA,MAHARASHTRA|JALNA
Maharashtra,KOLHAPUR,MAHARASHTRA,KOLHAPUR,MAHARASHTRA|KOLHAPUR
Maharashtra,LATUR,MAHARASHTRA,LATUR,MAHARASHTRA|LATUR
Maharashtra,NAGPUR,MAHARASHTRA,NAGPUR,MAHARASHTRA|NAGPUR
Maharashtra,NANDED,MAHARASHTRA,NANDED,MAHARASHTRA|NANDED
Maharashtra,NANDURBAR,MAHARASHTRA,NANDURBAR,MAHARASHTRA|NANDURBAR
Maharashtra,NASHIK,MAHARASHTRA,NASHIK,MAHARASHTRA|NASHIK
Maharashtra,OSMANABAD,MAHARASHTRA,OSMANABAD,MAHARASHTRA|OSMANABAD
Maharashtra,PALGHAR,MAHARASHTRA,PALGHAR,MAHARASHTRA|PALGHAR
Maharashtra,PARBHANI,MAHARASHTRA,PARBHANI,MAHARASHTRA|PARBHANI
Maharashtra,PUNE,MAHARASHTRA,PUNE,MAHARASHTRA|PUNE
Maharashtra,RAIGAD,MAHARASHTRA,RAIGAD,MAHARASHTRA|RAIGAD
Maharashtra,RATNAGIRI,MAHARASHTRA,RATNAGIRI,MAHARASHTRA|RATNAGIRI
Maharashtra,SANGLI,MAHARASHTRA,SANGLI,MAHARASHTRA|SANGLI
Maharashtra,SATARA,MAHARASHTRA,SATARA,MAHARASHTRA|SATARA
Maharashtra,SINDHUDURG,MAHARASHTRA,SINDHUDURG,MAHARASHTRA|SINDHUDURG
Maharashtra,SOLAPUR,MAHARASHTRA,SOLAPUR,MAHARASHTRA|SOLAPUR
Maharashtra,THANE,MAHARASHTRA,THANE,MAHARASHTRA|THANE
Maharashtra,WARDHA,MAHARASHTRA,WARDHA,MAHARASHTRA|WARDHA
Maharashtra,WASHIM,MAHARASHTRA,WASHIM,MAHARASHTRA|WASHIM
Maharashtra,YAVATMAL,MAHARASHTRA,YAVATMAL,MAHARASHTRA|YAVATMAL
Manipur,BISHNUPUR,MANIPUR,BISHNUPUR,MANIPUR|BISHNUPUR
Manipur,CHANDEL,MANIPUR,CHANDEL,MANIPUR|CHANDEL
Manipur,CHURACHANDPUR,MANIPUR,CHURACHANDPUR,MANIPUR|CHURACHANDPUR
Manipur,IMPHAL EAST,MANIPUR,IMPHAL EAST,MANIPUR|IMPHAL EAST
Manipur,IMPHAL WEST,MANIPUR,IMPHAL WEST,MANIPUR|IMPHAL WEST
Manipur,SENAPATI,MANIPUR,SENAPATI,MANIPUR|SENAPATI
Manipur,TAMENGLONG,MANIPUR,TAMENGLONG,MANIPUR|TAMENGLONG
Manipur,THOUBAL,MANIPUR,THOUBAL,MANIPUR|THOUBAL
Manipur,UKHRUL,MANIPUR,UKHRUL,MANIPUR|UKHRUL
Meghalaya,EAST GARO HILLS,MEGHALAYA,EAST GARO HILLS,MEGHALAYA|EAST GARO HILLS
Meghalaya,EAST JAINTIA HILLS,MEGHALAYA,EAST JAINTIA HILLS,MEGHALAYA|EAST JAINTIA HILLS
Meghalaya,EAST KHASI HILLS,MEGHALAYA,EAST KHASI HILLS,MEGHALAYA|EAST KHASI HILLS
Meghalaya,NORTH GARO HILLS,MEGHALAYA,NORTH GARO HILLS,MEGHALAYA|NORTH GARO HILLS
Meghalaya,RI BHOI,MEGHALAYA,RI BHOI,MEGHALAYA|RI BHOI
Meghalaya,SOUTH GARO HILLS,MEGHALAYA,SOUTH GARO HILLS,MEGHALAYA|SOUTH GARO HILLS
Meghalaya,SOUTH WEST GARO HILLS,MEGHALAYA,SOUTH WEST GARO HILLS,MEGHALAYA|SOUTH WEST GARO HILLS
Meghalaya,SOUTH WEST KHASI HILLS,MEGHALAYA,SOUTH WEST KHASI HILLS,MEGHALAYA|SOUTH WEST KHASI HILLS
Meghalaya,WEST GARO HILLS,MEGHALAYA,WEST GARO HILLS,MEGHALAYA|WEST GARO HILLS
Meghalaya,WEST JAINTIA HILLS,MEGHALAYA,WEST JAINTIA HILLS,MEGHALAYA|WEST JAINTIA HILLS
Meghalaya,WEST KHASI HILLS,MEGHALAYA,WEST KHASI HILLS,MEGHALAYA|WEST KHASI HILLS
Mizoram,AIZAWL,MIZORAM,AIZAWL,MIZORAM|AIZAWL
Mizoram,CHAMPHAI,MIZORAM,CHAMPHAI,MIZORAM|CHAMPHAI
Mizoram,KOLASIB,MIZORAM,KOLASIB,MIZORAM|KOLASIB
Mizoram,LAWNGTLAI,MIZORAM,LAWNGTLAI,MIZORAM|LAWNGTLAI
Mizoram,LUNGLEI,MIZORAM,LUNGLEI,MIZORAM|LUNGLEI
Mizoram,MAMIT,MIZORAM,MAMIT,MIZORAM|MAMIT
Mizoram,SAIHA,MIZORAM,SAIHA,MIZORAM|SAIHA
Mizoram,SERCHHIP,MIZORAM,SERCHHIP,MIZORAM|SERCHHIP
Nagaland,DIMAPUR,NAGALAND,DIMAPUR,NAGALAND|DIMAPUR
Nagaland,KIPHIRE,NAGALAND,KIPHIRE,NAGALAND|KIPHIRE
Nagaland,KOHIMA,NAGALAND,KOHIMA,NAGALAND|KOHIMA
Nagaland,LONGLENG,NAGALAND,LONGLENG,NAGALAND|LONGLENG
Nagaland,MOKOKCHUNG,NAGALAND,MOKOKCHUNG,NAGALAND|MOKOKCHUNG
Nagaland,MON,NAGALAND,MON,NAGALAND|MON
Nagaland,PEREN,NAGALAND,PEREN,NAGALAND|PEREN
Nagaland,PHEK,NAGALAND,PHEK,NAGALAND|PHEK
Nagaland,TUENSANG,NAGALAND,TUENSANG,NAGALAND|TUENSANG
Nagaland,WOKHA,NAGALAND,WOKHA,NAGALAND|WOKHA
Nagaland,ZUNHEBOTO,NAGALAND,ZUNHEBOTO,NAGALAND|ZUNHEBOTO
Odisha,ANUGUL,ODISHA,ANUGUL,ODISHA|ANUGUL
Odisha,BALANGIR,ODISHA,BALANGIR,ODISHA|BALANGIR
Odisha,BALESHWAR,ODISHA,BALESHWAR,ODISHA|BALESHWAR
Odisha,BARGARH,ODISHA,BARGARH,ODISHA|BARGARH
Odisha,BHADRAK,ODISHA,BHADRAK,ODISHA|BHADRAK
Odisha,BOUDH,ODISHA,BOUDH,ODISHA|BOUDH
Odisha,CUTTACK,ODISHA,CUTTACK,ODISHA|CUTTACK
Odisha,DEOGARH,ODISHA,DEOGARH,ODISHA|DEOGARH
Odisha,DHENKANAL,ODISHA,DHENKANAL,ODISHA|DHENKANAL
Odisha,GAJAPATI,ODISHA,GAJAPATI,ODISHA|GAJAPATI
Odisha,GANJAM,ODISHA,GANJAM,ODISHA|GANJAM
Odisha,JAGATSINGHAPUR,ODISHA,JAGATSINGHAPUR,ODISHA|JAGATSINGHAPUR
Odisha,JAJAPUR,ODISHA,JAJAPUR,ODISHA|JAJAPUR
Odisha,JHARSUGUDA,ODISHA,JHARSUGUDA,ODISHA|JHARSUGUDA
Odisha,KALAHANDI,ODISHA,KALAHANDI,ODISHA|KALAHANDI
Odisha,KANDHAMAL,ODISHA,KANDHAMAL,ODISHA|KANDHAMAL
Odisha,KENDRAPARA,ODISHA,KENDRAPARA,ODISHA|KENDRAPARA
Odisha,KENDUJHAR,ODISHA,KENDUJHAR,ODISHA|KENDUJHAR
Odisha,KHORDHA,ODISHA,KHORDHA,ODISHA|KHORDHA
Odisha,KORAPUT,ODISHA,KORAPUT,ODISHA|KORAPUT
Odisha,MALKANGIRI,ODISHA,MALKANGIRI,ODISHA|MALKANGIRI
Odisha,MAYURBHANJ,ODISHA,MAYURBHANJ,ODISHA|MAYURBHANJ
Odisha,NABARANGPUR,ODISHA,NABARANGPUR,ODISHA|NABARANGPUR
Odisha,NAYAGARH,ODISHA,NAYAGARH,ODISHA|NAYAGARH
Odisha,NUAPADA,ODISHA,NUAPADA,ODISHA|NUAPADA
Odisha,PURI,ODISHA,PURI,ODISHA|PURI
Odisha,RAYAGADA,ODISHA,RAYAGADA,ODISHA|RAYAGADA
Odisha,SAMBALPUR,ODISHA,SAMBALPUR,ODISHA|SAMBALPUR
Odisha,SONEPUR,ODISHA,SONEPUR,ODISHA|SONEPUR
Odisha,SUNDARGARH,ODISHA,SUNDARGARH,ODISHA|SUNDARGARH
Puducherry,KARAIKAL,PUDUCHERRY,KARAIKAL,PUDUCHERRY|KARAIKAL
Puducherry,MAHE,PUDUCHERRY,MAHE,PUDUCHERRY|MAHE
Puducherry,PONDICHERRY,PUDUCHERRY,PONDICHERRY,PUDUCHERRY|PONDICHERRY
Puducherry,YANAM,PUDUCHERRY,YANAM,PUDUCHERRY|YANAM
Punjab,AMRITSAR,PUNJAB,AMRITSAR,PUNJAB|AMRITSAR
Punjab,BARNALA,PUNJAB,BARNALA,PUNJAB|BARNALA
Punjab,BATHINDA,PUNJAB,BATHINDA,PUNJAB|BATHINDA
Punjab,FARIDKOT,PUNJAB,FARIDKOT,PUNJAB|FARIDKOT
Punjab,FATEHGARH SAHIB,PUNJAB,FATEHGARH SAHIB,PUNJAB|FATEHGARH SAHIB
Punjab,FAZILKA,PUNJAB,FAZILKA,PUNJAB|FAZILKA
Punjab,FIROZEPUR,PUNJAB,FIROZEPUR,PUNJAB|FIROZEPUR
Punjab,GURDASPUR,PUNJAB,GURDASPUR,PUNJAB|GURDASPUR
Punjab,HOSHIARPUR,PUNJAB,HOSHIARPUR,PUNJAB|HOSHIARPUR
Punjab,JALANDHAR,PUNJAB,JALANDHAR,PUNJAB|JALANDHAR
Punjab,KAPURTHALA,PUNJAB,KAPURTHALA,PUNJAB|KAPURTHALA
Punjab,LUDHIANA,PUNJAB,LUDHIANA,PUNJAB|LUDHIANA
Punjab,MANSA,PUNJAB,MANSA,PUNJAB|MANSA
Punjab,MOGA,PUNJAB,MOGA,PUNJAB|MOGA
Punjab,MUKTSAR,PUNJAB,MUKTSAR,PUNJAB|MUKTSAR
Punjab,NAWANSHAHR,PUNJAB,NAWANSHAHR,PUNJAB|NAWANSHAHR
Punjab,PATHANKOT,PUNJAB,PATHANKOT,PUNJAB|PATHANKOT
Punjab,PATIALA,PUNJAB,PATIALA,PUNJAB|PATIALA
Punjab,RUPNAGAR,PUNJAB,RUPNAGAR,PUNJAB|RUPNAGAR
Punjab,S.A.S NAGAR,PUNJAB,S.A.S NAGAR,PUNJAB|S.A.S NAGAR
Punjab,SANGRUR,PUNJAB,SANGRUR,PUNJAB|SANGRUR
Punjab,TARN TARAN,PUNJAB,TARN TARAN,PUNJAB|TARN TARAN
Rajasthan,AJMER,RAJASTHAN,AJMER,RAJASTHAN|AJMER
Rajasthan,ALWAR,RAJASTHAN,ALWAR,RAJASTHAN|ALWAR
Rajasthan,BANSWARA,RAJASTHAN,BANSWARA,RAJASTHAN|BANSWARA
Rajasthan,BARAN,RAJASTHAN,BARAN,RAJASTHAN|BARAN
Rajasthan,BARMER,RAJASTHAN,BARMER,RAJASTHAN|BARMER
Rajasthan,BHARATPUR,RAJASTHAN,BHARATPUR,RAJASTHAN|BHARATPUR
Rajasthan,BHILWARA,RAJASTHAN,BHILWARA,RAJASTHAN|BHILWARA
Rajasthan,BIKANER,RAJASTHAN,BIKANER,RAJASTHAN|BIKANER
Rajasthan,BUNDI,RAJASTHAN,BUNDI,RAJASTHAN|BUNDI
Rajasthan,CHITTORGARH,RAJASTHAN,CHITTORGARH,RAJASTHAN|CHITTORGARH
Rajasthan,CHURU,RAJASTHAN,CHURU,RAJASTHAN|CHURU
Rajasthan,DAUSA,RAJASTHAN,DAUSA,RAJASTHAN|DAUSA
Rajasthan,DHOLPUR,RAJASTHAN,DHOLPUR,RAJASTHAN|DHOLPUR
Rajasthan,DUNGARPUR,RAJASTHAN,DUNGARPUR,RAJASTHAN|DUNGARPUR
Rajasthan,GANGANAGAR,RAJASTHAN,GANGANAGAR,RAJASTHAN|GANGANAGAR
Rajasthan,HANUMANGARH,RAJASTHAN,HANUMANGARH,RAJASTHAN|HANUMANGARH
Rajasthan,JAIPUR,RAJASTHAN,JAIPUR,RAJASTHAN|JAIPUR
Rajasthan,JAISALMER,RAJASTHAN,JAISALMER,RAJASTHAN|JAISALMER
Rajasthan,JALORE,RAJASTHAN,JALORE,RAJASTHAN|JALORE
Rajasthan,JHALAWAR,RAJASTHAN,JHALAWAR,RAJASTHAN|JHALAWAR
Rajasthan,JHUNJHUNU,RAJASTHAN,JHUNJHUNU,RAJASTHAN|JHUNJHUNU
Rajasthan,JODHPUR,RAJASTHAN,JODHPUR,RAJASTHAN|JODHPUR
Rajasthan,KARAULI,RAJASTHAN,KARAULI,RAJASTHAN|KARAULI
Rajasthan,KOTA,RAJASTHAN,KOTA,RAJASTHAN|KOTA
Rajasthan,NAGAUR,RAJASTHAN,NAGAUR,RAJASTHAN|NAGAUR
Rajasthan,PALI,RAJASTHAN,PALI,RAJASTHAN|PALI
Rajasthan,PRATAPGARH,RAJASTHAN,PRATAPGARH,RAJASTHAN|PRATAPGARH
Rajasthan,RAJSAMAND,RAJASTHAN,RAJSAMAND,RAJASTHAN|RAJSAMAND
Rajasthan,SAWAI MADHOPUR,RAJASTHAN,SAWAI MADHOPUR,RAJASTHAN|SAWAI MADHOPUR
Rajasthan,SIKAR,RAJASTHAN,SIKAR,RAJASTHAN|SIKAR
Rajasthan,SIROHI,RAJASTHAN,SIROHI,RAJASTHAN|SIROHI
Rajasthan,TONK,RAJASTHAN,TONK,RAJASTHAN|TONK
Rajasthan,UDAIPUR,RAJASTHAN,UDAIPUR,RAJASTHAN|UDAIPUR
Sikkim,EAST DISTRICT,SIKKIM,EAST DISTRICT,SIKKIM|EAST DISTRICT
Sikkim,NORTH DISTRICT,SIKKIM,NORTH DISTRICT,SIKKIM|NORTH DISTRICT
Sikkim,SOUTH DISTRICT,SIKKIM,SOUTH DISTRICT,SIKKIM|SOUTH DISTRICT
Sikkim,WEST DISTRICT,SIKKIM,WEST DISTRICT,SIKKIM|WEST DISTRICT
Tamil Nadu,ARIYALUR,TAMIL NADU,ARIYALUR,TAMIL NADU|ARIYALUR
Tamil Nadu,COIMBATORE,TAMIL NADU,COIMBATORE,TAMIL NADU|COIMBATORE
Tamil Nadu,CUDDALORE,TAMIL NADU,CUDDALORE,TAMIL NADU|CUDDALORE
Tamil Nadu,DHARMAPURI,TAMIL NADU,DHARMAPURI,TAMIL NADU|DHARMAPURI
Tamil Nadu,DINDIGUL,TAMIL NADU,DINDIGUL,TAMIL NADU|DINDIGUL
Tamil Nadu,ERODE,TAMIL NADU,ERODE,TAMIL NADU|ERODE
Tamil Nadu,KANCHIPURAM,TAMIL NADU,KANCHIPURAM,TAMIL NADU|KANCHIPURAM
Tamil Nadu,KANNIYAKUMARI,TAMIL NADU,KANNIYAKUMARI,TAMIL NADU|KANNIYAKUMARI
Tamil Nadu,KARUR,TAMIL NADU,KARUR,TAMIL NADU|KARUR
Tamil Nadu,KRISHNAGIRI,TAMIL NADU,KRISHNAGIRI,TAMIL NADU|KRISHNAGIRI
Tamil Nadu,MADURAI,TAMIL NADU,MADURAI,TAMIL NADU|MADURAI
Tamil Nadu,NAGAPATTINAM,TAMIL NADU,NAGAPATTINAM,TAMIL NADU|NAGAPATTINAM
Tamil Nadu,NAMAKKAL,TAMIL NADU,NAMAKKAL,TAMIL NADU|NAMAKKAL
Tamil Nadu,PERAMBALUR,TAMIL NADU,PERAMBALUR,TAMIL NADU|PERAMBALUR
Tamil Nadu,PUDUKKOTTAI,TAMIL NADU,PUDUKKOTTAI,TAMIL NADU|PUDUKKOTTAI
Tamil Nadu,RAMANATHAPURAM,TAMIL NADU,RAMANATHAPURAM,TAMIL NADU|RAMANATHAPURAM
Tamil Nadu,SALEM,TAMIL NADU,SALEM,TAMIL NADU|SALEM
Tamil Nadu,SIVAGANGA,TAMIL NADU,SIVAGANGA,TAMIL NADU|SIVAGANGA
Tamil Nadu,THANJAVUR,TAMIL NADU,THANJAVUR,TAMIL NADU|THANJAVUR
Tamil Nadu,THE NILGIRIS,TAMIL NADU,THE NILGIRIS,TAMIL NADU|THE NILGIRIS
Tamil Nadu,THENI,TAMIL NADU,THENI,TAMIL NADU|THENI
Tamil Nadu,THIRUVALLUR,TAMIL NADU,THIRUVALLUR,TAMIL NADU|THIRUVALLUR
Tamil Nadu,THIRUVARUR,TAMIL NADU,THIRUVARUR,TAMIL NADU|THIRUVARUR
Tamil Nadu,TIRUCHIRAPPALLI,TAMIL NADU,TIRUCHIRAPPALLI,TAMIL NADU|TIRUCHIRAPPALLI
Tamil Nadu,TIRUNELVELI,TAMIL NADU,TIRUNELVELI,TAMIL NADU|TIRUNELVELI
Tamil Nadu,TIRUPPUR,TAMIL NADU,TIRUPPUR,TAMIL NADU|TIRUPPUR
Tamil Nadu,TIRUVANNAMALAI,TAMIL NADU,TIRUVANNAMALAI,TAMIL NADU|TIRUVANNAMALAI
Tamil Nadu,TUTICORIN,TAMIL NADU,TUTICORIN,TAMIL NADU|TUTICORIN
Tamil Nadu,VELLORE,TAMIL NADU,VELLORE,TAMIL NADU|VELLORE
Tamil Nadu,VILLUPURAM,TAMIL NADU,VILLUPURAM,TAMIL NADU|VILLUPURAM
Tamil Nadu,VIRUDHUNAGAR,TAMIL NADU,VIRUDHUNAGAR,TAMIL NADU|VIRUDHUNAGAR
Telangana,ADILABAD,TELANGANA,ADILABAD,TELANGANA|ADILABAD
Telangana,KARIMNAGAR,TELANGANA,KARIMNAGAR,TELANGANA|KARIMNAGAR
Telangana,KHAMMAM,TELANGANA,KHAMMAM,TELANGANA|KHAMMAM
Telangana,MAHBUBNAGAR,TELANGANA,MAHBUBNAGAR,TELANGANA|MAHBUBNAGAR
Telangana,MEDAK,TELANGANA,MEDAK,TELANGANA|MEDAK
Telangana,NALGONDA,TELANGANA,NALGONDA,TELANGANA|NALGONDA
Telangana,NIZAMABAD,TELANGANA,NIZAMABAD,TELANGANA|NIZAMABAD
Telangana,RANGAREDDI,TELANGANA,RANGAREDDI,TELANGANA|RANGAREDDI
Telangana,WARANGAL,TELANGANA,WARANGAL,TELANGANA|WARANGAL
Tripura,DHALAI,TRIPURA,DHALAI,TRIPURA|DHALAI
Tripura,GOMATI,TRIPURA,GOMATI,TRIPURA|GOMATI
Tripura,KHOWAI,TRIPURA,KHOWAI,TRIPURA|KHOWAI
Tripura,NORTH TRIPURA,TRIPURA,NORTH TRIPURA,TRIPURA|NORTH TRIPURA
Tripura,SEPAHIJALA,TRIPURA,SEPAHIJALA,TRIPURA|SEPAHIJALA
Tripura,SOUTH TRIPURA,TRIPURA,SOUTH TRIPURA,TRIPURA|SOUTH TRIPURA
Tripura,UNAKOTI,TRIPURA,UNAKOTI,TRIPURA|UNAKOTI
Tripura,WEST TRIPURA,TRIPURA,WEST TRIPURA,TRIPURA|WEST TRIPURA
Uttar Pradesh,AGRA,UTTAR PRADESH,AGRA,UTTAR PRADESH|AGRA
Uttar Pradesh,ALIGARH,UTTAR PRADESH,ALIGARH,UTTAR PRADESH|ALIGARH
Uttar Pradesh,ALLAHABAD,UTTAR PRADESH,ALLAHABAD,UTTAR PRADESH|ALLAHABAD
Uttar Pradesh,AMBEDKAR NAGAR,UTTAR PRADESH,AMBEDKAR NAGAR,UTTAR PRADESH|AMBEDKAR NAGAR
Uttar Pradesh,AMETHI,UTTAR PRADESH,AMETHI,UTTAR PRADESH|AMETHI
Uttar Pradesh,AMROHA,UTTAR PRADESH,AMROHA,UTTAR PRADESH|AMROHA
Uttar Pradesh,AURAIYA,UTTAR PRADESH,AURAIYA,UTTAR PRADESH|AURAIYA
Uttar Pradesh,AZAMGARH,UTTAR PRADESH,AZAMGARH,UTTAR PRADESH|AZAMGARH
Uttar Pradesh,BAGHPAT,UTTAR PRADESH,BAGHPAT,UTTAR PRADESH|BAGHPAT
Uttar Pradesh,BAHRAICH,UTTAR PRADESH,BAHRAICH,UTTAR PRADESH|BAHRAICH
Uttar Pradesh,BALLIA,UTTAR PRADESH,BALLIA,UTTAR PRADESH|BALLIA
Uttar Pradesh,BALRAMPUR,UTTAR PRADESH,BALRAMPUR,UTTAR PRADESH|BALRAMPUR
Uttar Pradesh,BANDA,UTTAR PRADESH,BANDA,UTTAR PRADESH|BANDA
Uttar Pradesh,BARABANKI,UTTAR PRADESH,BARABANKI,UTTAR PRADESH|BARABANKI
Uttar Pradesh,BAREILLY,UTTAR PRADESH,BAREILLY,UTTAR PRADESH|BAREILLY
Uttar Pradesh,BASTI,UTTAR PRADESH,BASTI,UTTAR PRADESH|BASTI
Uttar Pradesh,BIJNOR,UTTAR PRADESH,BIJNOR,UTTAR PRADESH|BIJNOR
Uttar Pradesh,BUDAUN,UTTAR PRADESH,BUDAUN,UTTAR PRADESH|BUDAUN
Uttar Pradesh,BULANDSHAHR,UTTAR PRADESH,BULANDSHAHR,UTTAR PRADESH|BULANDSHAHR
Uttar Pradesh,CHANDAULI,UTTAR PRADESH,CHANDAULI,UTTAR PRADESH|CHANDAULI
Uttar Pradesh,CHITRAKOOT,UTTAR PRADESH,CHITRAKOOT,UTTAR PRADESH|CHITRAKOOT
Uttar Pradesh,DEORIA,UTTAR PRADESH,DEORIA,UTTAR PRADESH|DEORIA
Uttar Pradesh,ETAH,UTTAR PRADESH,ETAH,UTTAR PRADESH|ETAH
Uttar Pradesh,ETAWAH,UTTAR PRADESH,ETAWAH,UTTAR PRADESH|ETAWAH
Uttar Pradesh,FAIZABAD,UTTAR PRADESH,FAIZABAD,UTTAR PRADESH|FAIZABAD
Uttar Pradesh,FARRUKHABAD,UTTAR PRADESH,FARRUKHABAD,UTTAR PRADESH|FARRUKHABAD
Uttar Pradesh,FATEHPUR,UTTAR PRADESH,FATEHPUR,UTTAR PRADESH|FATEHPUR
Uttar Pradesh,FIROZABAD,UTTAR PRADESH,FIROZABAD,UTTAR PRADESH|FIROZABAD
Uttar Pradesh,GAUTAM BUDDHA NAGAR,UTTAR PRADESH,GAUTAM BUDDHA NAGAR,UTTAR PRADESH|GAUTAM BUDDHA NAGAR
Uttar Pradesh,GHAZIABAD,UTTAR PRADESH,GHAZIABAD,UTTAR PRADESH|GHAZIABAD
Uttar Pradesh,GHAZIPUR,UTTAR PRADESH,GHAZIPUR,UTTAR PRADESH|GHAZIPUR
Uttar Pradesh,GONDA,UTTAR PRADESH,GONDA,UTTAR PRADESH|GONDA
Uttar Pradesh,GORAKHPUR,UTTAR PRADESH,GORAKHPUR,UTTAR PRADESH|GORAKHPUR
Uttar Pradesh,HAMIRPUR,UTTAR PRADESH,HAMIRPUR,UTTAR PRADESH|HAMIRPUR
Uttar Pradesh,HAPUR,UTTAR PRADESH,HAPUR,UTTAR PRADESH|HAPUR
Uttar Pradesh,HARDOI,UTTAR PRADESH,HARDOI,UTTAR PRADESH|HARDOI
Uttar Pradesh,HATHRAS,UTTAR PRADESH,HATHRAS,UTTAR PRADESH|HATHRAS
Uttar Pradesh,JALAUN,UTTAR PRADESH,JALAUN,UTTAR PRADESH|JALAUN
Uttar Pradesh,JAUNPUR,UTTAR PRADESH,JAUNPUR,UTTAR PRADESH|JAUNPUR
Uttar Pradesh,JHANSI,UTTAR PRADESH,JHANSI,UTTAR PRADESH|JHANSI
Uttar Pradesh,KANNAUJ,UTTAR PRADESH,KANNAUJ,UTTAR PRADESH|KANNAUJ
Uttar Pradesh,KANPUR DEHAT,UTTAR PRADESH,KANPUR DEHAT,UTTAR PRADESH|KANPUR DEHAT
Uttar Pradesh,KANPUR NAGAR,UTTAR PRADESH,KANPUR NAGAR,UTTAR PRADESH|KANPUR NAGAR
Uttar Pradesh,KASGANJ,UTTAR PRADESH,KASGANJ,UTTAR PRADESH|KASGANJ
Uttar Pradesh,KAUSHAMBI,UTTAR PRADESH,KAUSHAMBI,UTTAR PRADESH|KAUSHAMBI
Uttar Pradesh,KHERI,UTTAR PRADESH,KHERI,UTTAR PRADESH|KHERI
Uttar Pradesh,KUSHI NAGAR,UTTAR PRADESH,KUSHI NAGAR,UTTAR PRADESH|KUSHI NAGAR
Uttar Pradesh,LALITPUR,UTTAR PRADESH,LALITPUR,UTTAR PRADESH|LALITPUR
Uttar Pradesh,LUCKNOW,UTTAR PRADESH,LUCKNOW,UTTAR PRADESH|LUCKNOW
Uttar Pradesh,MAHARAJGANJ,UTTAR PRADESH,MAHARAJGANJ,UTTAR PRADESH|MAHARAJGANJ
Uttar Pradesh,MAHOBA,UTTAR PRADESH,MAHOBA,UTTAR PRADESH|MAHOBA
Uttar Pradesh,MAINPURI,UTTAR PRADESH,MAINPURI,UTTAR PRADESH|MAINPURI
Uttar Pradesh,MATHURA,UTTAR PRADESH,MATHURA,UTTAR PRADESH|MATHURA
Uttar Pradesh,MAU,UTTAR PRADESH,MAU,UTTAR PRADESH|MAU
Uttar Pradesh,MEERUT,UTTAR PRADESH,MEERUT,UTTAR PRADESH|MEERUT
Uttar Pradesh,MIRZAPUR,UTTAR PRADESH,MIRZAPUR,UTTAR PRADESH|MIRZAPUR
Uttar Pradesh,MORADABAD,UTTAR PRADESH,MORADABAD,UTTAR PRADESH|MORADABAD
Uttar Pradesh,MUZAFFARNAGAR,UTTAR PRADESH,MUZAFFARNAGAR,UTTAR PRADESH|MUZAFFARNAGAR
Uttar Pradesh,PILIBHIT,UTTAR PRADESH,PILIBHIT,UTTAR PRADESH|PILIBHIT
Uttar Pradesh,PRATAPGARH,UTTAR PRADESH,PRATAPGARH,UTTAR PRADESH|PRATAPGARH
Uttar Pradesh,RAE BARELI,UTTAR PRADESH,RAE BARELI,UTTAR PRADESH|RAE BARELI
Uttar Pradesh,RAMPUR,UTTAR PRADESH,RAMPUR,UTTAR PRADESH|RAMPUR
Uttar Pradesh,SAHARANPUR,UTTAR PRADESH,SAHARANPUR,UTTAR PRADESH|SAHARANPUR
Uttar Pradesh,SAMBHAL,UTTAR PRADESH,SAMBHAL,UTTAR PRADESH|SAMBHAL
Uttar Pradesh,SANT KABEER NAGAR,UTTAR PRADESH,SANT KABEER NAGAR,UTTAR PRADESH|SANT KABEER NAGAR
Uttar Pradesh,SANT RAVIDAS NAGAR,UTTAR PRADESH,SANT RAVIDAS NAGAR,UTTAR PRADESH|SANT RAVIDAS NAGAR
Uttar Pradesh,SHAHJAHANPUR,UTTAR PRADESH,SHAHJAHANPUR,UTTAR PRADESH|SHAHJAHANPUR
Uttar Pradesh,SHAMLI,UTTAR PRADESH,SHAMLI,UTTAR PRADESH|SHAMLI
Uttar Pradesh,SHRAVASTI,UTTAR PRADESH,SHRAVASTI,UTTAR PRADESH|SHRAVASTI
Uttar Pradesh,SIDDHARTH NAGAR,UTTAR PRADESH,SIDDHARTH NAGAR,UTTAR PRADESH|SIDDHARTH NAGAR
Uttar Pradesh,SITAPUR,UTTAR PRADESH,SITAPUR,UTTAR PRADESH|SITAPUR
Uttar Pradesh,SONBHADRA,UTTAR PRADESH,SONBHADRA,UTTAR PRADESH|SONBHADRA
Uttar Pradesh,SULTANPUR,UTTAR PRADESH,SULTANPUR,UTTAR PRADESH|SULTANPUR
Uttar Pradesh,UNNAO,UTTAR PRADESH,UNNAO,UTTAR PRADESH|UNNAO
Uttar Pradesh,VARANASI,UTTAR PRADESH,VARANASI,UTTAR PRADESH|VARANASI
Uttarakhand,ALMORA,UTTARAKHAND,ALMORA,UTTARAKHAND|ALMORA
Uttarakhand,BAGESHWAR,UTTARAKHAND,BAGESHWAR,UTTARAKHAND|BAGESHWAR
Uttarakhand,CHAMOLI,UTTARAKHAND,CHAMOLI,UTTARAKHAND|CHAMOLI
Uttarakhand,CHAMPAWAT,UTTARAKHAND,CHAMPAWAT,UTTARAKHAND|CHAMPAWAT
Uttarakhand,DEHRADUN,UTTARAKHAND,DEHRADUN,UTTARAKHAND|DEHRADUN
Uttarakhand,HARIDWAR,UTTARAKHAND,HARIDWAR,UTTARAKHAND|HARIDWAR
Uttarakhand,NAINITAL,UTTARAKHAND,NAINITAL,UTTARAKHAND|NAINITAL
Uttarakhand,PAURI GARHWAL,UTTARAKHAND,PAURI GARHWAL,UTTARAKHAND|PAURI GARHWAL
Uttarakhand,PITHORAGARH,UTTARAKHAND,PITHORAGARH,UTTARAKHAND|PITHORAGARH
Uttarakhand,RUDRA PRAYAG,UTTARAKHAND,RUDRA PRAYAG,UTTARAKHAND|RUDRA PRAYAG
Uttarakhand,TEHRI GARHWAL,UTTARAKHAND,TEHRI GARHWAL,UTTARAKHAND|TEHRI GARHWAL
Uttarakhand,UDAM SINGH NAGAR,UTTARAKHAND,UDAM SINGH NAGAR,UTTARAKHAND|UDAM SINGH NAGAR
Uttarakhand,UTTAR KASHI,UTTARAKHAND,UTTAR KASHI,UTTARAKHAND|UTTAR KASHI
West Bengal,24 PARAGANAS NORTH,WEST BENGAL,24 PARAGANAS NORTH,WEST BENGAL|24 PARAGANAS NORTH
West Bengal,24 PARAGANAS SOUTH,WEST BENGAL,24 PARAGANAS SOUTH,WEST BENGAL|24 PARAGANAS SOUTH
West Bengal,BANKURA,WEST BENGAL,BANKURA,WEST BENGAL|BANKURA
West Bengal,BARDHAMAN,WEST BENGAL,BARDHAMAN,WEST BENGAL|BARDHAMAN
West Bengal,BIRBHUM,WEST BENGAL,BIRBHUM,WEST BENGAL|BIRBHUM
West Bengal,COOCHBEHAR,WEST BENGAL,COOCHBEHAR,WEST BENGAL|COOCHBEHAR
West Bengal,DARJEELING,WEST BENGAL,DARJEELING,WEST BENGAL|DARJEELING
West Bengal,DINAJPUR DAKSHIN,WEST BENGAL,DINAJPUR DAKSHIN,WEST BENGAL|DINAJPUR DAKSHIN
West Bengal,DINAJPUR UTTAR,WEST BENGAL,DINAJPUR UTTAR,WEST BENGAL|DINAJPUR UTTAR
West Bengal,HOOGHLY,WEST BENGAL,HOOGHLY,WEST BENGAL|HOOGHLY
West Bengal,HOWRAH,WEST BENGAL,HOWRAH,WEST BENGAL|HOWRAH
West Bengal,JALPAIGURI,WEST BENGAL,JALPAIGURI,WEST BENGAL|JALPAIGURI
West Bengal,MALDAH,WEST BENGAL,MALDAH,WEST BENGAL|MALDAH
West Bengal,MEDINIPUR EAST,WEST BENGAL,MEDINIPUR EAST,WEST BENGAL|MEDINIPUR EAST
West Bengal,MEDINIPUR WEST,WEST BENGAL,MEDINIPUR WEST,WEST BENGAL|MEDINIPUR WEST
West Bengal,MURSHIDABAD,WEST BENGAL,MURSHIDABAD,WEST BENGAL|MURSHIDABAD
West Bengal,NADIA,WEST BENGAL,NADIA,WEST BENGAL|NADIA
West Bengal,PURULIA,WEST BENGAL,PURULIA,WEST BENGAL|PURULIA
