Model,Validation,MAE,RMSE,R2,sMAPE
Mean Baseline,Full,250656.64566000004,294382.33621760685,0.0,53.40351196169368
Median Baseline,Full,250586.6,294470.8880630291,-0.0006017016170478673,53.48740357297712
State Baseline,Full,250384.97452753922,294081.6210486759,0.00204198105548814,53.36637813366066
Crop Baseline,Full,250335.52256041652,294043.8066162086,0.0022986090607434173,53.35370126729392
Ridge,Random 80/20,49817.070429094434,67611.68542754377,0.9472682152158116,14.75447923327562
Ridge,GroupKFold (State),0.0,0.0,0.9474822378849248,0.0
RandomForest,Random 80/20,46645.78032500001,66781.09806635632,0.9485558426281059,9.194935942103736
RandomForest,GroupKFold (State),0.0,0.0,0.9484054096709047,0.0
HistGradientBoosting,Random 80/20,46330.44478648654,65398.88632551496,0.9506633505726899,9.419693146491525
HistGradientBoosting,GroupKFold (State),0.0,0.0,0.9483050754953186,0.0
HistGradientBoosting (Best),Maharashtra Only,49805.23362646928,67199.92496203847,0.9390673457730683,9.354880585579888
