Crop,Total_Rows,Years,Districts,Total_Area,Total_Production
Arhar/Tur,569,18,33,18664061.0,12870087.0
Bajra,384,18,26,21837230.0,16029469.0
Banana,28,1,28,57700.0,3634720.0
Castor Seed,285,14,28,177315.0,52123.7
Cotton(Lint),465,18,27,54264046.0,71786349.0
Gram,548,18,33,17766333.0,12630797.0
Grapes,24,1,24,36231.0,973173.0
Groundnut,868,17,34,6185763.0,6774949.0
Jowar,875,17,29,69738675.0,55018576.0
Linseed,275,17,22,847778.0,215777.0
Maize,1053,17,34,9103164.0,20853343.0
Mango,31,1,31,200507.0,370960.0
Moong(Green Gram),565,18,33,9552408.0,4212475.0
Niger Seed,305,16,28,759100.0,203630.0
Onion,26,1,26,133622.0,1663240.0
Other  Rabi Pulses,296,12,33,1295430.0,519812.0
Other Cereals & Millets,82,2,32,227800.0,140900.0
Other Kharif Pulses,336,11,34,2034600.0,687460.0
Other Oilseeds,38,2,21,37400.0,8200.0
Pulses Total,29,1,29,24342.0,8439.0
Ragi,206,18,13,2341683.0,2370535.0
Rapeseed &Mustard,357,15,32,136291.0,41722.5
Rice,652,18,34,25672065.0,43008628.0
Safflower,335,17,26,3506409.0,1810405.0
Sesamum,648,17,33,1392024.0,393530.0
Small Millets,210,5,33,554400.0,330700.0
Soyabean,477,17,29,36352336.0,39994352.0
Sugarcane,456,17,30,11514728.0,938485965.0
Sunflower,946,17,30,4090767.0,2110434.0
Tobacco,2,2,1,2800.0,3900.0
Tomato,30,1,30,28364.0,89065.0
Total Foodgrain,29,1,29,80177.0,71618.0
Urad,548,17,33,7713958.0,3831797.0
Wheat,518,18,30,15856530.0,22443475.0
