KisanCare Crop,Dataset Crop Name,Number of Rows,Years,Maharashtra Rows
Rice,Rice,15082,19,652
Wheat,Wheat,7878,19,518
Maize,Maize,13787,19,1053
Soybean,Not Available,0,0,0
Cotton,Cotton(Lint),4382,18,465
Sugarcane,Sugarcane,7827,19,456
Chickpea,Not Available,0,0,0
Pigeon Pea,Not Available,0,0,0
Groundnut,Groundnut,8770,19,868
Sorghum,Not Available,0,0,0
Pearl Millet,Not Available,0,0,0
Green Gram,Moong(Green Gram),10106,19,565
Black Gram,Not Available,0,0,0
Mustard,Rapeseed &Mustard,7533,19,357
Onion,Onion,6984,18,26
Potato,Sweet Potato,4122,18,0
Tomato,Tomato,368,5,30
Banana,Banana,3133,18,28
Mango,Mango,449,7,31
Grapes,Grapes,129,5,24